text,A,B,C,D,ans,答题解析,判分规则
下列选项中属于唯心主义观点的有(            ),宇宙便是吾心，吾心即是宇宙,心外无物，心外无理,未有天地之先，毕竟是先有理,存在就是被感知,ABCD,,全对得分
有哲学家说：“我们今天生活着的世界，与其说是自然世界，还不如说是人造或人为的世界。在我们的周围，几乎每样东西都刻有人的技能的痕迹。”这段话应理解为(            ),人造的或人为的世界是唯一存在的世界,现实世界是人类精神的创造物,人类世界是人的实践活动对象化的结果,科学技术越来越成为人类改造世界的伟大力量,CD,,全对得分
下列判断属于主观唯心主义的有(            ),人为自然界立法,存在就是被感知,物是感觉的复合,宇宙便是吾心,ABCD,,全对得分
思维和存在的关系问题是哲学基本问题，其内容有思维和存在(            ),谁是第一性谁是第二性的问题,谁是本质谁是现象的问题,谁是必然的谁是偶然的问题,有无同一性的问题,AD,,全对得分
马克思主义哲学在内容上实现的革命性变革，它把(            )统一起来,唯物主义和辩证法,自然知识和社会,感性认识和理性知识,唯物辩证的自然观和唯物辩证的历史观,AD,,全对得分
“沉舟侧畔千帆过，病树前头万木春。”辩证法认为发展的实质是新事物的产生和旧事物的灭亡。新生事物必然取代旧事物，从根本上说，是因为 (            ),新生事物产生于旧事物之后，是新出现的事物,新生事物具有新的结构和功能，能适应已经变化了的环境和条件,新生事物是对旧事物的扬弃，并添加了旧事物所不能容纳的新内容,在社会历史领域内，新生事物符合广大人民群众的根本利益和要求,BCD,,全对得分
中国古代的哲学家公孙龙提出了“白马非马”的命题，其错误是割裂了事物的(            ),一般和个别的关系,共性和个性的关系,整体和部分的关系,普遍和特殊的关系,ABD,,全对得分
西周末年思想家史伯说“和实生物，同则不继，以它平它谓之和，故能丰长而物归之”。这里所包含的辩证法思想有(            ),矛盾的同一是包含差别的同一,对立面的同一是事物发展的动力,不包含内部差别的事物就不能存在和发展,矛盾的一方只有克服另一方才能达到统一,ABC,,全对得分
下列选项中，属于哲学基本问题内容的有(            ),物质和意识何者为第一性的问题,物质世界是否运动发展变化的问题,世界的变化发展是否有规律性的问题,世界能否被人的思维认识的问题,AD,,全对得分
发展的实质是新事物的产生和旧事物的灭亡。新生事物必然取代旧事物，从根本上说，是因为(            ),新生事物产生于旧事物之后，是新出现的事物,新生事物具有新的结构和功能，能适应已经变化了的环境和条件,新生事物是对旧事物的扬弃，并添加了旧事物所不能容纳的新内容,在社会历史领域内，新生事物符合广大人民群众的根本利益和要求,BCD,,全对得分
矛盾分析方法有(            ),“物生有两，相反相成”,“一分为二，合二为一”,“和而不同，执两用中”,“和实生物，同则不继”,ABCD,,全对得分
矛盾同一性在事物发展中的作用表现为(            ),矛盾双方在相互依存中得到发展,矛盾双方相互吸取有利于自身发展的因素,调和矛盾双方的对立,规定事物发展的基本趋势,ABD,,全对得分
唯物辩证法和形而上学的对立表现在是否承认(            ),世界上的事物是普遍联系的,世界是物质的,世界上的事物是永恒发展的,世界是可以认识的,AC,,全对得分
IBM公司制造的“深蓝”计算机战胜了世界顶级国际象棋大师卡斯帕罗夫。这表明(            ),电脑具有比人脑更高级的运动形式,电脑是人脑的延伸，是人类扩展自己智力的工具,人脑的运动与电脑一样，归根到底是电子等物质粒子的运动,电脑是物化了的人的意识，电脑战胜人脑，实质上是人类自己战胜自己,BD,,全对得分
1820年，丹麦物理学家奥斯特在做实验时，突然发现电流的变化引起磁针的偏转。他抓住这一现象深入研究，揭示了电流的磁效应规律，为后来发明电动机奠定了理论基础。这一事例说明(            ),必然性是通过偶然性表现出来的,偶然性背后隐藏着必然性,人们的认识是透过现象抓住本质的过程,人们的认识是从感性认识上升到理性认识的过程,ABCD,,全对得分
“本质决定现象，现象是本质的。”这句话的含义是(            ),现象就是本质,本质是现象的根据,本质通过现象表现出来,本质和现象是不可分离的,BCD,,全对得分
“勿以恶小而为之，勿以善小而不为”。这句话体现的哲学道理有(            ),事物的变化是从量变开始的,量变积累到一定程度就会引起质变,量变和质变是相互渗透的,量变和质变没有明显的区别,ABC,,全对得分
恩格斯说：“当我们深思熟虑地考察自然界或人类历史或我们自己的精神活动的时候，首先呈现在我们眼前的，是一幅由种种联系和相互作用无穷无尽地交织起来的画面。”这段话所包含的辩证法观点有(            ),联系是客观世界的本性,一切事物都处于相互联系之中,世界是一个相互联系的统一整体,联系既是普遍的又是复杂多样的,ABCD,,全对得分
下列现象属于量变引起质变的有(            ),生产力的增长引起生产关系的变革,在一定温度下鸡蛋孵出小鸡,由变异积累引起旧物种到新物种的变化,同样的元素由于结构差异形成不同的事物,BCD,,全对得分
海的“贯通东流”水系的形成年代。如果说上游的沉积物从青藏高原、四川盆地顺延而下能到达下游，这就表明长江贯通了，这就是物源示踪。我国科学家采用这一方法，研究长江中下游盆地沉积物的来源，从而判别长江上游的物质何时到达下游，间接指示了长江贯通东流的时限。他们经过10多年的研究，提出长江贯通东流的时间距今约2300多万年。这一研究成果从一个侧面显示出(            ),时间和空间是有限的，物质运动是永恒的,时间和空间的通过物质运动的变化表现出来的,时间和空间是指标示物质运动的观念形式,时间和空间是物质运动的存在形式,ABD,,全对得分
下列命题中，反映事物之间客观联系的有(            ),森林覆盖面的减少引起气候的恶化,汽车尾气排量的增加引起大气环境污染,天空出现彗星预示社会将要爆发战争,汽车数量的急剧增加造成交通拥堵,ABD,,全对得分
下列选项中，否认世界统一于物质的观点有(            ),物是感觉的复合,存在就是被感知,世界是绝对精神的产物,世界有物质和精神两个本原,ABCD,,全对得分
人的意识的主观性方面表现为(            ),反映形式的主观性,不同主体的意识之间的差别性,对客观对象反映的近似性,对客观事物反映的超前性,ABCD,,全对得分
现代科学思维方法是一个巨大的方法群，它包括(            )等。,系统方法,结构—功能方法,归纳法,模型化方法,ABD,,全对得分
下列选项属于马克思主义哲学与旧唯物主义区别的有(            ),是否承认实践是认识的基础,是否承认认识是一个辩证发展过程,是否强调意识有能动作用,是否主张思维和存在具有同一性,ABC,,全对得分
下列各项属于意识能动性具体表现的有(            ),意识活动具有目的性和计划性,意识活动能反映事物的本质和规律,意识活动对人体生理活动有调节和影响作用,意识活动具有通过实践改变世界的作用,ABCD,,全对得分
对立统一规律是唯物辩证法的实质与核心，因为(            ),它揭示了事物普遍联系的根本内容,它是贯穿于唯物辩证法的其他规律和范畴的中心线索,它揭示了事物发展变化的根本动力,矛盾分析方法是最根本的认识方法,ABCD,,全对得分
下列选项中，体现重视矛盾特殊性的有(            ),因材施教，因人而异,对症下药，量体裁衣,注意分寸，掌握火候,因地制宜，因时制宜,ABD,,全对得分
下列各项属于唯物主义基本形态的有(            ),自然科学的唯物主义,古代的朴素唯物主义,近代的形而上学唯物主义,现代的辩证唯物主义和历史唯物主义,BCD,,全对得分
唯物主义的发展经历了以下历史形态(            ),辩证唯物主义和历史唯物主义,古代朴素唯物主义,近代庸俗唯物主义,近代形而上学唯物主义,ABD,,全对得分
19世纪一位作家说：“一个除了书本以外一无所知的纯粹学者，必然对书本也是无知的。”与这句话在内涵上相一致的名言还有(   ),尽信书，则不如无书,纸上得来终觉浅，绝知此事要躬行,饱经风霜的老人与缺乏阅历的少年对同一句格言的理解是不同的,感觉到的东西我们不能立刻理解它，只有理解了的东西才能更深刻地感觉它,ABC,,全对得分
“真理原来是人造的，是人造出来供人用的，是因为对人大有用处，所以才给以‘真理’的美名”。这段话的观点说明(   ),有用的就是真理,符合客观规律的是真理,经过实践检验的就是真理,能为我主观需要服务的是真理,AD,,全对得分
苏轼在《石钟山记》中就士大夫和渔工水师没有正确认识“钟声”产生的原因指出：“士大夫终不肯以小舟停泊绝壁之下，故莫能知；而渔工水师虽知而不能言。”蕴涵的哲学道理包括(   ),实践是认识的来源,实践是认识发展的动力,认识受到各种条件的限制,认识正确与否只能通过实践来检验,AC,,全对得分
一个科学合理的价值评价必须符合（       ）,对客体状况的正确认识,对社会关系的正确认识,对主体需要的正确认识,对实践关系的正确认识,AC,,全对得分
价值的客观性表现在（       ）,价值必须以客观事物本身所具有的属性为现实基础,人的需要不是主观随意的，而是受社会实践和历史条件制约的,价值必须以人的需要为前提,价值是物质关系,AB,,全对得分
下列对待马克思主义的态度符合绝对真理和相对真理辩证关系的是（       ）,马克思主义句句是真理，应该坚持永远句句照办,马克思主义具有与时俱进的理论品格,马克思主义是科学真理，应随着实践的发展而发展,马克思主义是19世纪的产物，在20世纪已经不适用了,BC,,全对得分
下列属于人类基本的实践活动的是(   ),建设京沪高速铁路,欣赏普契尼歌剧,打扫人民大学礼堂,发射天宫一号飞船,ACD,,全对得分
“动物只是按照它所属的那个种的尺度和需要来建造，而人却懂得按照任何一个种的尺度来进行生产，并且懂得怎样处处都把内在的尺度运用到对象上去；因此，人也按照美的规律来建造。”下列选项对这段话的理解正确的是（       ）,“内在尺度”即真理尺度,“内在尺度”即价值尺度,“内在尺度”是制约实践的主体尺度,人的实践活动是真理尺度和价值尺度的统一,BCD,,全对得分
马克思主义认识论认为，认识的辩证过程是（       ）,从间接经验回到直接经验的转化,实践——认识——实践的无限循环,从抽象到具体再到抽象的上升过程,从感性认识到理性认识，再从理性认识到实践,BD,,全对得分
马克思说，人“赋予物以有用的性质，好像这种有用性是物本身所固有的，虽然羊未必想得到，它的‘有用’性之一，是可作人的食物”，这说明（       ）,在价值关系中不是人趋近物，而是物趋近人,现实的价值是否形成以某物的属性为标准,主体的需要及需要的程度是某物是否具有价值及其价值大小的内在尺度,具有客观需要的现实的主体是价值关系的中心,ACD,,全对得分
“没有革命的理论，就没有革命的运动”，它（       ）,肯定了理论应走在实践的前面,把理论当成实践的来源和动力,揭示了理论对实践的指导作用,规定了理论对实践的决定意义,AC,,全对得分
马克思主义哲学把实践观引入认识论，彻底划清了（       ）,唯物论与辩证法的界限,辩证反映论与形而上学反映论的界限,唯物主义反映论与唯心主义先验论的界限,能动革命的反映论与直观被动的反映论的界限,BCD,,全对得分
柏拉图认为：“如果是我们在出世前获得了知识，出世时把它丢了，后来又通过使用各种感觉官能得到了原来具有的知识，那么，我们称为学习的这个过程，实际上不就是恢复我们固有的知识吗？我们把它称为回忆对不对呢？完全对。”这一观点（       ）,正确揭示了认识的来源,是朴素的唯物主义认识论,是一种唯心主义,在认识论上属于先验论,CD,,全对得分
列宁指出：“从生动的直观到抽象的思维，并从抽象的思维到实践，这就是认识真理、认识客观实在的辩证途径。”认识运动的辩证发展过程包括的两次飞跃是（       ）,从感性认识到理性认识的飞跃,从理性认识到感性认识的飞跃,从实践到理性认识的飞跃,从理性认识到实践的飞跃,AD,,全对得分
牛顿说：“假若我能比别人瞭望得略为远些，那是因为我站在巨人们的肩膀上。”这句话（       ）,强调了学习间接经验的重要性,否定了实践是认识的来源,否定了直接经验的重要性,强调了获取间接经验是发展人类认识的必要途径,AD,,全对得分
实践标准的绝对性或确定性是指（       ）,实践能够检验一切认识,实践是检验真理的唯一标准,实践检验真理不是一次完成的,凡经过实践证明了的一切认识都是客观真理,ABD,,全对得分
德国物理学家、生理学家兼心理学家赫尔姆霍茨认为，蚂蚁能看见紫外线而人却看不见，可见人的感官的局限性构成了人的认识能力的局限。对他的观点分析正确的是（       ）,他没有看到人的感官的局限性是可以突破的,他没有到人的认识能力具有无限性的一面,他没有看到主体在认识过程中的能动作用,具有不可知论的倾向,ABCD,,全对得分
马克思主义哲学认为真理和价值的关系是（       ）,追求价值以追求真理为基础,追求真理以追求价值为目标,两者在社会实践中具体的历史的统一,真理和价值都要通过实践检验,ABCD,,全对得分
爱因斯坦说过：“想像力比知识更重要，因为知识是有限的，而想像力概括着世界上的一切，推动着进步，并且是知识进化的源泉。严格地说，想像力是科学研究中的实在因素”。这说明（       ）,在科学研究中想象力是最重要的因素,认识也需要想象,想象能够促使人们的认识不断深化,想像有助于科学的发现,BCD,,全对得分
泰戈尔说：“错误经不起失败，但是真理却不怕失败。”这说明（       ）,正确的认识未必会导致成功的实践,正确的认识必然获得成功的实践,分析失败的原因是使失败变为成功的重要条件,从失败中吸取教训，失败也能变为成功,ACD,,全对得分
马克思说：“批判的武器当然不能代替武器的批判，物质的力量只能用物质力量来摧毁；但是理论一经掌握群众，也会变成物质力量。”这段话体现的哲学思想是（       ）,理论就是巨大的物质力量,理论对实践有指导作用,理论不能代替实践,理论可以决定一切,BC,,全对得分
认为“我们的一切知识都在经验里扎着根基，知识归根结蒂由经验而来”，它（       ）,是唯理论的观点,是经验论的观点,否定了理性认识的作用,夸大了感性认识的作用,BCD,,全对得分
毛泽东说“感觉到了的东西，我们不能立刻理解它，只有理解了的东西才能深刻地感觉它”。这一论断揭示了（       ）,感性认识和理性认识有质的不同,感性认识需要上升到理性认识，理性认识能促进感性认识,感性认识对人们认识事物本质没有实际意义,感性认识是认识的初级阶段，理性认识是认识的高级阶段,ABD,,全对得分
由理性认识到实践的过程是（       ）,积极能动的过程,消极被动的过程,自发实现的过程,质的飞跃的过程,AD,,全对得分
毛泽东说：“一切比较完全的知识都是由两个阶段构成的：第一阶段是感性知识，第二阶段是理性知识，理性知识是感性知识的高级发展阶段。”对此理解正确的是（       ）,理性认识以感性认识为基础,理性认识是认识的高级阶段,感性认识有待于上升到理性认识,感性认识和理性认识是统一的认识过程的两个阶段,ABCD,,全对得分
实践是认识发展的动力，表现在它（       ）,为人们提出新的认识课题,为人们的认识提供经验材料,为人们提供新的认识工具,提高了人们的认识能力,ABCD,,全对得分
盲人摸象的故事说明（       ）,人的认识结果由主体的观念意志决定,主体在认识过程中具有能动的作用,主体反映客体的过程是主体获取、加工、处理客体信息的过程,主体自身的价值取向、思维方式和知识背景等因素影响着主体对客体信息的选择和重构,BCD,,全对得分
人类活动的两个基本原则是（       ）,真理原则,价值原则,效率原则,公平原则,AB,,全对得分
马克思主义认识论认为，主体与客体关系的内涵包括（       ）,实践关系,认识关系,价值关系,审美关系,ABCD,,全对得分
马克思指出：“全部社会生活在本质上是实践的。凡是把理论引向神秘主义的神秘东西，都能在人的实践中以及对这个实践的理解中得到合理的解决。”马克思主义哲学把实践观引入认识论，彻底划清了（       ）,能动革命的反映论与直观被动的反映论的界限,可知论与不可知论的界限,唯物主义反映论与唯心主义先验论的界限,辩证反映论与形而上学反映论的界限,ABCD,,全对得分
认识运动所以要经过多次反复，是因为（       ）,事物因果联系性,事物的矛盾暴露的过程性,人类认识能力的不可靠性,人们实践及其认识条件的历史性,BD,,全对得分
真理和谬误的关系（       ）,就一定范围和一定客观对象来说，它们是对立的,是相互联系的，两者相比较而存在,是通过与谬误的斗争来实现真理的发展,是两者在一定条件下相互转化,ABCD,,全对得分
科学技术在社会经济发展中的作用表现在（         ）,它能提高劳动者的素质和劳动技能,它有助于发现新的劳动对象和劳动对象的新用途,它物化为新的生产工具，促进生产率的提高,它有助于生产管理的合理化,ABCD,,全对得分
历史唯心主义的错误在于没有（         ）,考查人们动机背后的物质原因,揭示人民群众创造历史的作用,找到社会发展的客观规律性,发现物质生产是社会存在和发展的基础,ABCD,,全对得分
地理环境对社会发展的作用表现在（         ）,提供社会生产和生活资料的物质来源,影响社会生产部门的分布,不同地理环境可以加速或延缓社会发展,是社会发展的决定因素,ABC,,全对得分
自然规律和社会规律的不同点是（         ）,自然规律是由客观物质力量决定的，社会规律是由人们的思想动机决定的,自然规律没有阶级性，社会规律在阶级社会具有阶级性,自然规律是自发实现的，社会规律要通过人们的有意识的活动才能实现,自然规律存在于自然界，社会规律是自然界发展到一定阶段，出现了人类社会之后才产生的，它存在于人类实践活动之中,CD,,全对得分
历史唯物主义的基本原理有（         ）,人类社会也是一个自然历史过程,社会基本矛盾是社会发展的动力,人民群众是历史的创造者,社会存在决定社会意识，社会意识反作用于社会存在,ABCD,,全对得分
无产阶级政党的群众观点包括（         ）,相信群众的观点,为人民群众服务的观点,对人民群众负责的观点,虚心向群众学习的观点,ABCD,,全对得分
人民群众是历史的创造者，因为（         ）,人民群众是物质财富的创造者,人民群众是社会精神财富的创造者,人民群众是社会变革的决定力量,人民群众是先进生产力和先进文化的创造主体及实现自身利益的根本力量,ABCD,,全对得分
人的自觉活动在社会发展中的作用表现在（         ）,社会历史是人们自己创造的,人们创造历史的活动可以摆脱既定历史条件的制约,人们可以认识、利用和驾驭社会规律,人们可以对社会发展的具体途径进行历史选择，通过不同的具体道路实现社会发展的客观规律,ACD,,全对得分
马克思对阶级斗争学说的新贡献是（         ）,发现了社会上的阶级斗争，提出了阶级斗争学说,发现阶级和阶级斗争的存在只同生产发展的一定历史阶段相联系,阶级斗争必然导致无产阶级专政,无产阶级专政是达到消灭一切阶级和进入无阶级社会的过渡,BCD,,全对得分
社会意识是（         ）,社会的精神生活过程,人的头脑中自生的,绝对观念在头脑中的体现,对社会存在的反映,AD,,全对得分
党的群众路线是（         ）,一切为了群众，一切依靠群众，从群众中来，到群众中去,在党的群众观点的指导下形成的,群众观点在实际工作中的贯彻运用,马克思主义政党的根本路线,ABCD,,全对得分
马克思认为，“革命是历史的火车头”，是“社会进步和政治进步的强大推动力”。这是因为（         ）,革命是实现社会形态更替的重要手段和决定性环节,革命使人民群众创造历史的积极性和主动性得到充分发挥,革命能改造和教育群众以及革命阶级本身,革命能够解放和促进生产力的发展,ABCD,,全对得分
社会的物质性表现为（         ）,社会形态的发展是自然历史过程,生产方式是发展的决定力量,社会是独立于人之外的客观过程,物质生活的生产方式制约精神生活过程,ABD,,全对得分
社会意识的相对独立性表现为（         ）,它的发展变化与社会存在的发展变化不完全同步,它与社会经济水平之间在发展上的不平衡性,它的发展往往具有历史继承性,各种社会意识形式之间的相互作用和影响,ABCD,,全对得分
群众活动和社会历史条件的辩证关系是（         ）,历史条件为人民群众提供活动前提,人民群众的活动要受历史条件的制约,人民群众能不断打破原有历史条件的制约,人民群众最终摆脱历史的制约,ABC,,全对得分
在下列事物中，属于历史唯物主义的“社会存在”的有（         ）,人们实践活动所利用的自然资源,人们在实践活动中所形成的社会关系,人们实践活动所创造的生产力,马克思主义意识形态,AC,,全对得分
唯物史观从人民群众创造历史这一基本前提出发，科学地说明了个人在历史上的作用。它认为（         ）,社会历史发展是无数个人合力作用的结果,历史人物在历史的发展过程中起着特殊的作用,要从必然与偶然的辩证统一中理解个人的历史作用,评价历史人物必须坚持历史分析方法和阶级分析方法,ABCD,,全对得分
生产关系一定要适合生产力状况的规律的内容表现为（         ）,生产力决定生产关系,生产力决定一定的生产关系能否产生及其发展方向,生产关系反作用于生产力,生产关系的反作用归根到底取决于和服从于生产力的状况,ABCD,,全对得分
社会革命的实质是（         ）,国家政权在各阶级之间的相互转移,国家政权在统治阶级内部各集团之间的相互转移,革命阶级推翻反动阶级的统治,用先进的社会制度代替腐朽的社会制度,CD,,全对得分
既承认人民群众的决定作用，又承认英雄人物对历史的重大影响作用。这（         ）,坚持人民群众和英雄人物共同创造历史,说明对群众作用的肯定内在地包含了对个人作用的肯定,坚持人民群众创造历史的唯物史观,把群众史观与英雄史观调和起来,BC,,全对得分
社会基本矛盾作为社会发展的根本动力，它在社会发展中的作用主要表现在（         ）,在社会矛盾中，生产力是人类社会发展和进步的最终决定力量,生产力和生产关系的矛盾是“一切历史冲突的根源”,社会基本矛盾从根本上影响和促进社会形态的变化和发展,经济基础和上层建筑的矛盾决定生产力和生产关系的矛盾,ABC,,全对得分
生产关系一定要适合生产力状况的规律（         ）,体现了社会存在和社会意识的辩证关系,是生产力和生产关系之间的内在的、本质的必然联系,是人类社会发展的普遍规律,是马克思主义政党制定方针、政策的重要客观依据,BCD,,全对得分
人们对于社会形态的历史选择，最终决定于（         ）,人民群众的根本利益,人民群众的根本意愿,人民群众对社会规律的把握和顺应程度,领导层的根本利益和根本意愿,ABC,,全对得分
生产力和生产关系、经济基础和上层建筑的矛盾是社会基本矛盾，因为它们（         ）,贯穿于人类社会发展过程的始终,规定社会的基本结构的性质，涉及社会基本领域,制约着社会其他矛盾的存在和发展,决定社会历史的一般进程，推动社会向前发展,ABCD,,全对得分
上层建筑是一个庞大的体系，包括丰富的内容，可以把它们归结为两个组成部分。这两个部分是（         ）,政治上层建筑,观念上层建筑,政治思想和制度,法律思想和制度,AB,,全对得分
马克思说：“无论哪一种社会形态，在它所能容纳的全部生产力发挥出来以前，是决不会灭亡的；而新的更高的生产关系，在它存在的物质条件在旧社会的胞胎里成熟以前，是决不会出现的。”这段话说明（         ）,生产力的发展是促使社会形态更替的最终原因,一种新的生产关系的产生需要客观的物质条件,社会形态总是超社会、超历史的,无论哪一种社会形态，当它还能够促进生产力发展时，是不会灭亡的,ABD,,全对得分
马克思指出，科学“是历史的有力的杠杆”，“是最高意义上的革命力量”。这意味着（         ）,科学技术是社会进步的革命因素,社会历史是由科学技术所决定的,科学技术革命是社会动力系统中的一种重要的动力,科学技术具有多方面的社会功能,ACD,,全对得分
生产力的客观性在于（         ）,它是人们不能自由选择的物质力量,它是前人实践活动的客观结果,它是当代人的实践活动的物质基础和出发点,构成生产力的诸要素是物质的、客观的,ABCD,,全对得分
马尔萨斯认为，资本主义的对外侵略、资本主义国家工人的悲惨生活，全然取决于“人口增长总要超过生活资料的增长”这一个“永恒的规律”的作用。马尔萨斯这一观点（         ）,把人口因素看成决定社会存在和发展的因素,曲折地反映了资本主义制度下人口相对过剩的事实，却掩盖和歪曲了事实的本质,在重视人口作用的基础上，总结出人口发展的规律,注意到人口增长与生活资料增长之间的关系，具有积极意义,ABD,,全对得分
“意识在任何时候都只能是被意识到了的存在，而人们的存在就是他们的现实生活过程。”这表明（         ）,社会意识的发展变化同社会存在变化的不完全同步性,社会意识可以脱离社会存在独立发展,社会意识和经济发展的不平衡性,社会意识的发展具有历史继承性,ACD,,全对得分
马克思说：“社会生活在本质上是实践的。”这一命题的主要含义是（         ）,实践是社会历史的主体,实践构成了社会生活的现实基础,实践是社会生活的基本领域,实践是人类社会和人的存在方式,BCD,,全对得分
“历史事件似乎总的来说同样是由偶然性支配的。但是，在表面上是偶然性在起作用的地方，这种偶然性始终是受内部的隐蔽着的规律支配的，而问题只是在于发现这些规律。”这句话揭示了（         ）,社会历史发展充满偶然性，无法控制,社会历史发展既具有偶然性，又具有必然性,发现规律就定能支配规律,在社会历史发展中，人类具有选择性,BD,,全对得分
马克思说：“社会生活在本质上是实践的。”这一命题的主要含义是（         ）,实践是社会历史的主体,实践构成了社会生活的现实基础,实践是社会生活的基本领域,实践是人类社会和人的存在方式,BCD,,全对得分
社会发展的客观规律和人的自觉活动的关系是（         ）,人的自觉活动受社会发展客观规律的制约,社会发展的客观规律通过人的自觉活动得到实现,人的自觉活动可以改造社会发展的客观规律,社会发展的客观规律不能被人们所驾驭,AB,,全对得分
马克思曾指出，“人的本质不是单个人所固有的抽象物，在其现实性上，它是一切社会关系的总和”，这句话的内涵是（         ）,人的本质是抽象的、孤立的,人的本质在于人的社会性,人的本质形成于人的各种社会关系中,人的本质是具体的、历史的,BCD,,全对得分
国体和政体的关系表现在（         ）,国体和政体处于同样重要的地位,国体决定政体，要求政体适应和服务于国体,政体对国体有反作用，影响国体的巩固和发展,政体决定国体，国体为政体服务,BC,,全对得分
在谁是历史的创造者的问题上，唯心主义者（         ）,认为历史的发展是个人意志的体现,用个别人的思想动机来解释社会历史,主张英雄人物是神意或绝对精神的受托者,否定人民群众创造历史的作用,ABCD,,全对得分
纳什在《大自然的权力》中提出“人们对自然的了解越多，就越难以接受那种认为宇宙是为人类而存在的观点。与其说人类是自然的主人，不如说他是自然共同体的一个成员”。这说明（         ）,人与自然应当遵循和谐的整体发展目标,人与社会的发展不应以牺牲环境为代价,必须从整体生态系统中去考察人与社会发展的关系,自然历史的变迁永远为人类所主宰,ABC,,全对得分
社会存在包括（         ）,生产方式,人口因素,地理环境,宗教思想,ABC,,全对得分
科学技术在社会经济发展中的作用表现在（         ）,它能提高劳动者的素质和劳动技能,它有助于发现新的劳动对象和劳动对象的新用途,它物化为新的生产工具，促进生产率的提高,它有助于生产管理的合理化,ABCD,,全对得分
物质资料的生产方式是社会发展的决定力量，因为它（         ）,是人类社会赖以存在的基础,决定着社会经济结构,决定着社会政治结构,决定着社会意识结构,ABCD,,全对得分
唯物史观关于人民群众是历史创造者的原理，是我们党的（         ）的理论基础。,群众观点,根本利益,最高纲领,群众路线,AD,,全对得分
唯物史观关于人民群众是历史创造者的原理，是我们党的（         ）的理论基础。,群众观点,根本利益,最高纲领,群众路线,AD,,全对得分
下列正确表达社会革命和社会改革的是（         ）,革命是社会形态的质变，改革是同一社会形态的部分质变,社会改革是走向社会革命的一个步骤，是革命的前提和准备,革命是用新的社会制度代替旧的社会制度，改革是同一社会制度的自我调整,革命和改革的根源都是社会基本矛盾,ABCD,,全对得分
马克思指出：“我们首先应当确定一切人类生存的第一个前提，也就是一切历史的第一个前提，这个前提是：人们为了能够‘创作历史’，必须能够生活。……因此第一个历史活动就是生产满足这些需要的资料，即生产物质生活本身”这句话表明（         ）,物质生产是人类社会赖以存在的物质基础,物质生产的发展决定着整个社会的性质和面貌,物质生产方式的变革是社会历史变革的根本原因,物质生产对社会发展起着重要作用，但不是决定作用,ABC,,全对得分
政治上层建筑包括（         ）,国家政权,政治法律制度,政治法律思想,道德思想,AB,,全对得分
进行某一项社会改革，实施某一项重大方针政策，都要考虑到“人心向背”和群众心理的承受能力，这说明（         ）,社会心理是影响社会发展的一种重要因素,社会心理关系到人们对某一社会改革的积极性问题,社会心理是影响群众情绪的较高水平的社会意识形式,社会心理是关系到事情成败的决定性因素,AB,,全对得分
上层建筑必须适合经济基础状况的规律的基本内容是（         ）,经济基础决定上层建筑的发展方向,上层建筑的反作用取决于经济基础的性质和要求,上层建筑和经济基础相互决定、相互促进,经济基础的性质决定了上层建筑的性质,ABD,,全对得分
社会基本矛盾作为社会发展的根本动力，它在社会发展中的作用主要表现在（         ）,在社会矛盾中，生产力是人类社会发展和进步的最终决定力量,生产力和生产关系的矛盾是“一切历史冲突的根源”,社会基本矛盾从根本上影响和促进社会形态的变化和发展,经济基础和上层建筑的矛盾决定生产力和生产关系的矛盾,ABC,,全对得分
人口的数量和社会发展的关系是（         ）,两者成正比例,两者成反比例,两者是相互联系、相互制约的,人口数量适度则促进社会发展,CD,,全对得分
上层建筑是一个庞大的体系，包括丰富的内容，可以把它们归结为两个组成部分。这两个部分是（         ）,政治上层建筑,观念上层建筑,政治思想和制度,法律思想和制度,AB,,全对得分
生产关系一定要适合生产力状况的规律（         ）,体现了社会存在和社会意识的辩证关系,是生产力和生产关系之间的内在的、本质的必然联系,是人类社会发展的普遍规律,是马克思主义政党制定方针、政策的重要客观依据,BCD,,全对得分
生产关系一定要适合生产力状况的规律的内容表现为（         ）,生产力决定生产关系,生产力决定一定的生产关系能否产生及其发展方向,生产关系反作用于生产力,生产关系的反作用归根到底取决于和服从于生产力的状况,ABCD,,全对得分
人们对于社会形态的历史选择，最终决定于（         ）,人民群众的根本利益,人民群众的根本意愿,人民群众对社会规律的把握和顺应程度,领导层的根本利益和根本意愿,ABC,,全对得分
从根本的意义上说，产品的分配形式取决于（         ）,劳动对象和劳动资料归谁所有,人们对消费的不同需要,人们创造财富的多少,人们在生产中的不同地位和人与人之间的关系,AD,,全对得分
生产力和生产关系、经济基础和上层建筑的矛盾是社会基本矛盾，因为它们（         ）,贯穿于人类社会发展过程的始终,规定社会的基本结构的性质，涉及社会基本领域,制约着社会其他矛盾的存在和发展,决定社会历史的一般进程，推动社会向前发展,ABCD,,全对得分
英国历史哲学家柯林武德认为“一切历史都是思想史”。这种观点（         ）,肯定了思想因素在社会历史发展中具有重要作用,否定了社会历史首先是物质资料生产发展的历史,否定了社会历史是由人民群众实践活动创造的,否定了社会历史在阶级社会是阶级斗争的历史,ABCD,,全对得分
上层建筑必须适合经济基础状况的规律的基本内容是（         ）,经济基础决定上层建筑的发展方向,上层建筑的反作用取决于经济基础的性质和要求,上层建筑和经济基础相互决定、相互促进,经济基础的性质决定了上层建筑的性质,ABD,,全对得分
资本主义生产的结果是（          ）,生产出新的使用价值,转移了生产资料的价值,再生产劳动力的价值,创造出剩余价值,ABCD,,全对得分
纺织厂的资本家购买的用于生产的棉花属于（          ）,不变资本,固定资本,可变资本,流动资本,AD,,全对得分
下述有关历史创造者的观点中，属于唯物史观的有（         ）,人人创造历史,历史活动是群众的事业,人们自己创造自己的历史,人们总是在既定的条件下创造历史,BCD,,全对得分
马克思指出：“我们在这里最初看到的利润，和剩余价值是一回事，不过它具有一个神秘的形式，而这个神秘化的形式必然会从资本主义生产方式中产生出来。”恩格斯也指出：“马克思一有机会就提醒读者注意，决不要把他所说的剩余价值同利润或资本赢利相混淆。”这说明（          ）,利润是剩余价值的一种具体形式,剩余价值是利润的本质内容,剩余价值是资本的赢利,利润常常只是剩余价值的一部分,ABD,,全对得分
资本主义国家的对内职能主要有（          ）,对被统治阶级进行压迫和控制的政治功能,对邮政、铁路、水路、文教、卫生保健、社会福利等事业进行管理的公共管理职能,进行国际交往的职能,维护国家安全和利益的职能,AB,,全对得分
下列各组社会意识形式，有一组是全部属于意识形态性的，一组是全部属于非意识形态性的。它们分别是（         ）,自然科学、语言学、逻辑学,政治思想、语言学、艺术,政治思想、法律思想、宗教,法律思想、逻辑学、哲学,AC,,全对得分
绝对剩余价值生产和相对剩余价值生产的共同点（          ）,都体现着资本家对工人的剥削关系,都延长了剩余劳动时间,都增加了剩余价值量,都提高了剩余价值率,ABCD,,全对得分
单位商品的价值量和生产这种商品的（          ）,劳动生产率成正比,社会必要劳动时间成正比,劳动生产率成反比,社会必要劳动时间成反比,BC,,全对得分
劳动力商品的价值包括（          ）,维持劳动者生存所需要的生活资料价值,劳动者维持生产所必需的生产资料价值,养育子女所需要的生活资料价值,劳动者的教育和培训费用,ACD,,全对得分
资本主义劳动过程同其他劳动过程相比较体现出来的特点是（          ）,创造新的使用价值,创造新的价值,劳动产品归资本家所有,工人在资本家监督下劳动，其劳动属于资本家,CD,,全对得分
剩余价值规律（          ）,揭示了资本主义生产的目的和达到目的的手段,反映资本主义生产的实质,在资本主义社会起主导作用,决定资本主义生产的主要方面和主要过程,ABCD,,全对得分
下列选项对资本主义意识形态理解正确的是（          ）,资本主义意识形态是资本主义社会条件下的观念上层建筑,资本主义意识形态是为资本主义社会形态的经济基础服务的,资本主义意识形态是资产阶级意识的集中体现,在资本主义国家中占统治地位的政治、经济、法律都属于资本主义意识形态范畴,ABCD,,全对得分
资本主义政治制度包括（          ）,资本主义的民主与法制,政治组织形式,选举制度,政党制度,ABCD,,全对得分
下列现象掩盖资本主义剥削实质的是（          ）,资本总是表现为一定的物,不变资本只是剩余价值生产的条件,资本主义工资是工人全部劳动的报酬,资本主义利润是全部预付资本的产物,CD,,全对得分
资本主义政治制度的历史和阶级局限性是（          ）,资本主义的民主是金钱操纵下的民主,法律名义上的平等掩盖了事实上的不平等,资本主义国家的多党制是资产阶级选择自己的国家管理者、实现其内部利益平衡的政治机制,制定和推行符合资产阶级利益的方针、政策,ABC,,全对得分
资本积累规模的大小取决于（          ）,对工人的剥削程度,预付资本量的大小,所用资本和所费资本之间的差额,劳动生产率的高低,ABCD,,全对得分
反映资本家对工人的剥削程度的公式是（          ）,剩余价值/可变资本,剩余价值/全部预付资本,剩余劳动时间/必要劳动时间,年剩余价值量/预付可变资本,AC,,全对得分
第二次世界大战后，发达资本主义国家工人工作日有所缩短，这表明（          ）,对工人剥削程度有所减轻,劳动生产率明显提高,必要劳动时间大为缩短,相对剩余价值成为主要剥削形式,BCD,,全对得分
资产阶级政党在国家政治生活中发挥着很大作用，包括（          ）,代表资产阶级执掌政权，对政府施加影响、控制议会,制定和推行符合资产阶级利益的方针、政策,操纵选举,控制群众团体和舆论宣传,ABCD,,全对得分
资本区分为不变资本和可变资本的意义在于（          ）,进一步揭示了剩余价值的真正源泉,为计算剩余价值率提供了科学依据,为计算资本周转速度提供了依据,为平均利润、生产价格理论奠定了基础,ABD,,全对得分
在其他条件不变的情况下，资本有机构成的提高会导致（          ）,相对过剩人口的形成,利润率的提高,可变资本在总资本中比例的降低,资本周转速度的减缓,AC,,全对得分
货币的本质通过它的职能体现出来，货币有多种职能，其中最基本的职能是（          ）,价值尺度,流通手段,支付手段,贮藏手段和世界货币,AB,,全对得分
商品是使用价值和价值的统一。这表明（          ）,缺少使用价值和价值任何一方面，都不能成为商品,没有使用价值就没有价值,有使用价值，但不是劳动产品，也不是商品,有使用价值，也是劳动产品，但只是供生产者自己消费，也不是商品,ABCD,,全对得分
具体劳动和抽象劳动的区别是（          ）,具体劳动是劳动的具体形式，抽象劳动是一般人类劳动,具体劳动是体力劳动，抽象劳动是脑力劳动,具体劳动反映人与自然的关系，抽象劳动反映社会生产关系,具体劳动不是使用价值的唯一源泉，抽象劳动是价值的唯一源泉,ACD,,全对得分
价值规律的内容和要求是（          ）,商品的价值量由生产商品的社会必要劳动时间决定,商品交换以商品的价值量为基础,商品交换必须实行等价交换,价格围绕价值上下波动,ABC,,全对得分
简单商品经济中所包含的各种矛盾主要是（          ）,使用价值和价值的矛盾,价值和交换价值的矛盾,具体劳动和抽象劳动的矛盾,私人劳动和社会劳动的矛盾,ACD,,全对得分
以下对马克思的劳动价值论的说法正确的是（          ）,是对古典政治经济学劳动价值论的批判、继承和发展,是剩余价值理论的基础,是研究价值分配的理论,为揭示资本主义生产方式的本质奠定了理论基础,ABD,,全对得分
在资本主义现实中，剩余价值是采取各种转化形式出现的，它们有（          ）,成本,工资,利润,利息,CD,,全对得分
在新的历史条件下，与马克思所处的时代相比，深化对创造价值的劳动的认识主要有（          ）,劳动的科技含量和知识含量增加了,科技人员和管理人员的劳动在劳动总量中的比重增加了,农业劳动已成为物质生产劳动的基本形式,在总的劳动消耗量中物化劳动的比重增加而活劳动的比重相对减少了,ABD,,全对得分
马克思所处的时代相比，对劳动创造价值的认识还缺乏对（          ）,劳动中科技含量和知识含量的认识,科技人员和管理人员劳动的认识,农业劳动已成为物质生产劳动的基本形式的认识,体力劳动已成为物质生产劳动的基本形式的认识,AB,,全对得分
关于不变资本和可变资本的划分，错误的说法是（          ）,进一步揭示了剩余价值的真正源泉,为计算剩余价值率提供了科学依据,为计算资本周转速度提供了依据,为资本家计算利润奠定了基础,CD,,全对得分
资本主义政治制度（          ）,建立在资本主义社会的经济基础之上,反映了资本主义社会的经济关系,反映了政治上占统治地位的资产阶级的要求,作为上层建筑，为巩固和发展资本主义社会的经济基础提供政治保障,ABCD,,全对得分
关于剩余价值规律下列说法错误的是（          ）,揭示了资本主义生产的目的和达到目的的手段,反映资本主义生产的实质,是商品经济的基本规律,伴随市场经济始终的经济规律,CD,,全对得分
不能反映资本家对工人的剥削程度的公式是（          ）,剩余价值/可变资本,剩余价值/全部预付资本,剩余劳动时间/必要劳动时间,剩余价值/不变资本,BD,,全对得分
资本主义国家的职能的两个基本方面是（          ）,立法司法职能,对内职能,对外职能,行政职能,BC,,全对得分
“商品是天生的平等派”，这表明（          ）,相同的商品只能卖同样的价钱,商品的价值由社会必要劳动时间决定,商品的个别生产时间对商品的社会必要劳动时间没有影响,商品交换过程中，市场价格由价值决定,BD,,全对得分
下面不属于价值规律内容是（          ）,商品的价值量由生产商品的社会必要劳动时间决定,商品交换以价值量为基础实行等价交换,商品交换时供求变化影响了价格，使价格背离了价值,价格机制对生产者来说就是他安排生产的指挥棒,CD,,全对得分
资本主义基本矛盾及其表现是（          ）,各个企业内部生产的有组织性和整个社会生产无政府状态之间的矛盾,社会生产无限扩大的趋势与有支付能力的需求相对狭小的矛盾,无产阶级与资产阶级之间的矛盾,生产社会化和生产资料资本主义私人占有形式之间的矛盾,ABC,,全对得分
价值是（          ）,凝结在商品中的抽象劳动,商品的社会属性,交换价值的基础,反映商品生产者之间的关系,ABCD,,全对得分
关于绝对剩余价值生产和相对剩余价值生产，错误的说法是（          ）,都体现着资本家对工人的剥削关系,都延长了劳动时间,都是资本主义社会发展早期采用的方法,都提高了剩余价值率,BC,,全对得分
分析资本主义经济之所以从商品开始，是因为（          ）,资本主义经济是高度发达的商品经济,资本主义社会的财富普遍采取商品形式,商品是资本主义经济的细胞,商品包含着资本主义一切矛盾的萌芽,ABCD,,全对得分
资本主义国家的对外职能主要有（          ）,对被统治阶级进行压迫和控制的政治功能,对邮政、铁路、水路、文教、卫生保健、社会福利等事业进行管理的公共管理职能,进行国际交往的职能,维护国家安全和利益的职能,CD,,全对得分
关于资本主义生产过程，正确的是（          ）,生产出新的使用价值,转移了生产资料的价值,提升了劳动的价值,创造出剩余价值,ABD,,全对得分
剩余价值与利润这两个范畴之间的关系中，错误的说法是（          ）,利润是剩余价值的转化形式,剩余价值是利润的转化形式,剩余价值掩盖了利润的真正源泉,利润掩盖了剩余价值的真正源泉,BC,,全对得分
关于资本主义工资，错误的看法有（          ）,工资就是劳动的报酬,工资就是劳动力的价值或价格,工资就是劳动力价值的货币表现,工资就是劳动的价值或价格,AD,,全对得分
尊重和利用价值规律，就是要（          ）,利用价格杠杆，调节供求，使社会资源配置趋于合理，经济整体素质不断提高,不断采用新技术，加强管理，降低成本,坚持市场导向，调整产品结构，提高企业竞争力,鼓励公平竞争，反对垄断行为、地方保护主义及各种不正当竞争,ABCD,,全对得分
资本主义国家工人工作日法定的缩短后，不正确的说法有（          ）,对工人剥削程度大大减轻,劳动生产率明显提高,必要劳动时间大为缩短,绝对剩余价值成为主要剥削形式,AD,,全对得分
下列哪些说法是错误的：单位商品的价值量和生产这种商品的（          ）,社会劳动生产率成正比,社会必要劳动时间成正比,社会劳动生产率成反比,社会必要劳动时间成反比,AD,,全对得分
剩余价值与利润这两个范畴之间的关系是（          ）,利润是剩余价值的转化形式,剩余价值是利润的转化形式,剩余价值是利润的本质,利润掩盖了剩余价值的真正源泉,ACD,,全对得分
一切商品都包含着价值与使用价值两个因素，这是因为（          ）,凡是没有使用价值的物品，就不会有价值,没有价值的物品，虽然有使用价值也不能成为商品,使用价值是商品价值的物质承担者,有使用价值的物品，就必然有价值,ABC,,全对得分
资本主义工资之所以表现为劳动的价值或价格是因为（          ）,工资被看做是全部劳动的报酬,工人一般在提供了劳动之后，资本家才付工资,工资依劳动时间长短而不同,工资依劳动效率高低而不同,BCD,,全对得分
决定一定时期内流通中所需要的货币量的因素主要有（          ）,进入流通的商品数量,商品的价格水平,货币发行量,货币流通速度,ABD,,全对得分
资本积累、积聚和集中的相互关系是（          ）,资本集中是资本积累的直接结果,资本积聚是资本积累的实现条件,资本积聚有利于资本集中,资本迅速集中会加快资本积累,ACD,,全对得分
我们可以借鉴的资本主义意识形态的理论有（          ）,关于人类政治生活客观规律的探索,关于经济运行一般规律的揭示,关于思维规律的研究,关于司法实践历史经验的描述,ABCD,,全对得分
商品的价目表说明（          ）,货币在执行价值尺度的职能,货币在充当商品交换的媒介,价格是商品价值的货币表现,商品价格的高低,ACD,,全对得分
纸币是国家发行的强制使用的价值符号，它可以（          ）,代表金属货币执行流通手段职能,代表金属货币执行支付手段职能,充当储蓄手段,按一定汇率在不同国家之间进行兑换,ABCD,,全对得分
商品的价值是（          ）,由抽象劳动创造的,商品的自然属性,生产商品消耗的具体劳动,商品的社会属性,AD,,全对得分
资产阶级意识形态的本质是（          ）,根本上代表了人民的意志和愿望,集中地体现了资本主义国家文化的精华,是为资本主义社会形态的经济基础服务的,是资产阶级阶级意识的集中体现,CD,,全对得分
某消费者在下列经济行为中，属于货币执行支付手段职能的有（          ）,购买商品房，合同约定房价30万元,按合同约定，第二年房款10万元,缴纳房屋契税9000元,在装饰材料市场现购材料5万元,BC,,全对得分
下列关于使用价值与价值的表述，正确的有（          ）,使用价值是永恒范畴，而价值是历史范畴,使用价值是商品的自然属性，而价值是商品的社会属性,使用价值是具体劳动创造的，而价值是由抽象劳动形成的,使用价值和价值既相互依存，互为前提，又相互对立,ABC,,全对得分
马尔萨斯认为，资本主义的对外侵略、资本主义国家工人的悲惨生活，全然取决于“人口增长总要超过生活资料的增长”这一个“永恒的规律”的作用。马尔萨斯这一观点（         ）,把人口因素看成决定社会存在和发展的因素,曲折地反映了资本主义制度下人口相对过剩的事实，却掩盖和歪曲了事实的本质,在重视人口作用的基础上，总结出人口发展的规律,注意到人口增长与生活资料增长之间的关系，具有积极意义,ABD,,全对得分
一切商品都是（          ）,劳动产品,用来交换的劳动产品,使用价值和价值的统一体,用来满足人们某种需要的劳动产品,ABCD,,全对得分
价格受市场供求的影响，围绕价值上下波动，不是对价值规律作用的否定，而是价值规律作用的表现形式，这是因为（          ）,商品交换都是按照价格与价值相一致的原则进行的,从商品交换的总体看，价格总额与价值总额是相等的,从商品交换的较长时间看，价格与价值是趋于一致的,各种商品价格的波动，是以各自的价值为基础的,BCD,,全对得分
资本主义政权的分权制衡是指（          ）,立法权,管理权,行政权,司法权,ACD,,全对得分
下列选项关于商品的价值、使用价值以及交换价值的关系理解正确的是（          ）,使用价值是交换价值的物质承担者,价值是交换价值的基础,价值是使用价值的表现形式,交换价值是价值的表现形式,ABD,,全对得分
下列例子中货币充当支付手段的有（          ）,在某商店一台电视机标价1000元,某消费者得到工资和奖金,某消费者还欠别人的钱,某消费者在每月底用现金缴房租,BCD,,全对得分
意识形态的社会功能是（         ）,建构社会存在,维护或批判社会现实,控制社会活动,调节社会活动,BCD,,全对得分
商品是使用价值和价值的统一。下面说法错误的是（          ）,缺少使用价值和价值任何一方面，都不能成为商品,使用价值和价值什么时候都不能分开,有使用价值，但不是劳动产品，也不是商品，因为没有价值,有使用价值，也是劳动产品，一定有价值,BD,,全对得分
马克思指出：“我们首先应当确定一切人类生存的第一个前提，也就是一切历史的第一个前提，这个前提是：人们为了能够‘创作历史’，必须能够生活。……因此第一个历史活动就是生产满足这些需要的资料，即生产物质生活本身”这句话表明（         ）,物质生产是人类社会赖以存在的物质基础,物质生产的发展决定着整个社会的性质和面貌,物质生产方式的变革是社会历史变革的根本原因,物质生产对社会发展起着重要作用，但不是决定作用,ABC,,全对得分
“一个政权也好，一个政党也好，其前途与命运最终取决于人心向背，不能赢得最广大人民群众的支持，就必然垮台。”这一思想（         ）,坚持人民群众是历史创造者,坚持群众观点是无产阶级政党在一切工作中主张的根本观点,主张无产阶级政党必须代表最广大人民群众的根本利益,主张正确的群众观点是党制定正确路线、方针和政策的理论基础,ABCD,,全对得分
马克思说：“无论哪一种社会形态，在它所能容纳的全部生产力发挥出来以前，是决不会灭亡的；而新的更高的生产关系，在它存在的物质条件在旧社会的胞胎里成熟以前，是决不会出现的。”这段话说明（         ）,生产力的发展是促使社会形态更替的最终原因,一种新的生产关系的产生需要客观的物质条件,社会形态总是超社会、超历史的,无论哪一种社会形态，当它还能够促进生产力发展时，是不会灭亡的,ABD,,全对得分
纳什在《大自然的权力》中提出“人们对自然的了解越多，就越难以接受那种认为宇宙是为人类而存在的观点。与其说人类是自然的主人，不如说他是自然共同体的一个成员”。这说明（         ）,人与自然应当遵循和谐的整体发展目标,人与社会的发展不应以牺牲环境为代价,必须从整体生态系统中去考察人与社会发展的关系,自然历史的变迁永远为人类所主宰,ABC,,全对得分
爱因斯坦说：“人们只懂得应用科学本身是不够的。关心人本身，应当始终成为一切技术上的奋斗目标”，这一思想揭示了（         ）,科学技术与人文精神结合的重要性,随着科学技术的进一步发展，人类就能解决人口、能源、环境等问题,科学技术作为人的工具是中性的,因为科学的价值由人来决定，因此解决一系列“全球问题”不能依赖科学,AC,,全对得分
恩格斯指出：“历史是这样创造的：最终的结果总是从许多单个的意志的相互冲突中产生出来的，而其中每一个意志，又是由于许多特殊的生活条件，才成为它所成为的那样。这样就有无数互相交错的力量，有无数个力的平行四边形，因此就产生出一个合力，即历史结果……”这句话揭示（         ）,历史是由千百万人共同创造的,历史发展的趋势不依单个人的意志为转移,历史人物起推动社会前进的积极作用,离开了个人作用就不可能有群众的作用,ABD,,全对得分
交换价值是（          ）,一种商品价值与另一种商品价值相交换量的关系或比例,一种商品使用价值与另一种商品使用价值相交换的量的关系或比例,商品价值的表现形式,商品使用价值的表现形式,BC,,全对得分
价格围绕价值上下波动，不是对价值规律作用的否定，而恰恰是价值规律作用的表现形式，下列说法错误的是（          ）,商品交换都是按照价格与价值相一致的原则进行的,从商品交换的总体看，价格总额与价值总额也是不相等的,从商品交换的较长时间看，价格与价值是趋于一致的,各种商品价格的波动，是以各自的价值为基础的,AB,,全对得分
“意识在任何时候都只能是被意识到了的存在，而人们的存在就是他们的现实生活过程。”这表明（         ）,社会意识的发展变化同社会存在变化的不完全同步性,社会意识可以脱离社会存在独立发展,社会意识和经济发展的不平衡性,社会意识的发展具有历史继承性,ACD,,全对得分
“历史事件似乎总的来说同样是由偶然性支配的。但是，在表面上是偶然性在起作用的地方，这种偶然性始终是受内部的隐蔽着的规律支配的，而问题只是在于发现这些规律。”这句话揭示了（         ）,社会历史发展充满偶然性，无法控制,社会历史发展既具有偶然性，又具有必然性,发现规律就定能支配规律,在社会历史发展中，人类具有选择性,BD,,全对得分
在人的意志对社会发展的作用这一问题上，历史唯物主义认为（         ）,任何人的意志对社会发展的总结果（合力）都起着作用，因而都包括在这个总结果（合力）之中,任何人的意志都不能改变社会发展的总趋势,任何人的意志都必然合乎社会发展的规律,任何人的意志都只能受社会发展规律的盲目支配，而不能有自由,AB,,全对得分
使用价值和价值是商品的两个基本因素。当生产者把商品卖给消费者时，（          ）,生产者和消费者都得到了商品的使用价值和价值,生产者既实现了商品的使用价值，也实现了商品的价值,生产者实现了商品的价值，却让渡了商品的使用价值,消费者得到了商品的使用价值，却支付了商品的价值,CD,,全对得分
马克思指出“劳动力的价值也是由生产从而再生产这种特殊物品所必需的劳动时间决定的”。因此，劳动力商品的价值构成包括（          ）,维持劳动者生存所需要的生活资料价值,劳动者进行生产活动所必须的生产资料价值,养育子女所需要的生活资料价值,劳动者的教育和培训费用,ACD,,全对得分
在商品经济运行中，价值、价格、供求三者之间的关系是（          ）,价格受供求关系影响，围绕价值上下波动,价格受价值影响，随供求关系变化而变动,价格由价值决定，反映价值并反映供求关系,价格由价值决定，受供求关系影响又制约供求关系,ACD,,全对得分
马克思指出，在商品经济中，价值规律是“作为起调节作用的自然规律强制地为自己开辟道路，就像房屋倒在人的头上时重力定律强制为自己开辟道路一样”。这表明（          ）,价值规律是商品经济的一般规律或基本规律,价值规律和自然规律一样具有强制性,价值规律具有自发性,价值规律排斥人的主观能动性,ABC,,全对得分
影响劳动生产率高低的主要因素有（          ）,科学技术的发展水平及其在工艺上的应用程度,劳动者技术的平均熟练程度,生产资料的规模和效能以及自然条件,生产过程中分工和协作的合理程度,ABCD,,全对得分
“物以稀为贵，商品价值量的大小是由市场的供求关系决定的”，这种观点（          ）,正确揭示了决定商品价值量大小的根源,是正确的观点,否定了社会必要劳动时间对商品价值量大小的决定作用,是错误的观点,BD,,全对得分
马克思指出，“处于流动状态的人类劳动力或人类劳动形成价值，但本身并不是价值。它在凝固的状态中，在物化的形式上才形成价值。这就是说，要把人类抽象劳动，凝结在一定的物体里面，即一定的对象里，它才形成价值。”这说明（          ）,价值是商品的本质属性,价值是由抽象劳动形成的,价值体现商品生产者相互交换劳动的关系,价值是交换价值的内容和基础,ABCD,,全对得分
具体劳动和抽象劳动是生产商品的同一劳动过程的两个方面，二者的区别在于（          ）,具体劳动是劳动的具体形式，抽象劳动是一般的人类劳动,不同的具体劳动有质的不同，抽象劳动没有质的差别,具体劳动反映人与自然的关系，抽象劳动体现商品生产者之间的关系,具体劳动创造商品的使用价值，抽象劳动创造商品的价值,ABC,,全对得分
劳动和劳动力的区别还在于（          ）,劳动力是蕴藏在人们身体中的脑力和体力的总和，它是存在于活的人体内的劳动能力,劳动则是劳动力在生产过程中的耗费和发挥,劳动力的存在以健康人的生存为条件,劳动的实现必须以生产资料和劳动力相结合为条件,ABCD,,全对得分
关于资本主义工资的问题，下列说法正确的是（          ）,科学地区分劳动和劳动力是揭示资本主义工资本质的关键,资本主义工资的基本形式分为计时工资和计件工资两种,资本主义工资小于工人在生产劳动中创造的新价值,资本主义工资掩盖了雇佣工人的必要劳动和剩余劳动的区别,ABCD,,全对得分
人类进入了21世纪，与马克思所处的时代相比，社会经济条件发生了很大的变化。因此，必须深化对马克思劳动价值论的认识。主要包括（          ）,深化对创造价值的劳动的认识,深化对价值创造与价值分配关系的认识,深化对科技人员、经营管理人员在社会生产和价值创造中所起的作用的认识,深化对科技、知识、信息等新的生产要素在财富和价值创造中的作用的认识,ABCD,,全对得分
资本主义生产过程是劳动过程和价值增殖过程的统一。在这一过程中，具体劳动（          ）,生产新的使用价值,创造剩余价值,转移劳动力的价值,转移生产资料的价值,AD,,全对得分
对资本主义简单再生产过程分析的意义在于揭示（          ）,资本主义再生产过程中资本运动所采取的形式,可变资本是工人创造的价值的一部分,不仅可变资本而且全部资本都是工人的劳动创造的,工人的个人消费不过是为资本家再生产劳动力,BCD,,全对得分
影响资本积累数量的因素有（          ）,对劳动力的剥削程度,社会劳动生产率的水平,预付资本量的大小,所用资本和所费资本之间的差额,ABCD,,全对得分
社会形态的更替具有客观性和必然性，但这并不否定人们历史活动的能动性，并不排斥人们在遵循社会发展规律的基础上，对于某种社会形态的历史选择性。人们历史活动的能动性和选择性主要体现在（         ）,社会发展的客观过程由每一个参与历史活动的个人的主观意志所决定,社会形态更替的过程是主体能动性与客观规律性相统一的过程,人们的历史选择性归根结底是人民群众的选择性,社会发展的客观必然性为人们的历史选择提供了基础、范围和可能性空间,ACD,,全对得分
资本主义政治制度包括（          ）,资本主义的民主与法制,政治组织形式,选举制度,政党制度,ABCD,,全对得分
某消费者在下列经济行为中，属于货币执行支付手段职能的有（          ）,购买商品房，合同约定房价30万元,按合同约定，第二年房款10万元,缴纳房屋契税9000元,在装饰材料市场现购材料5万元,BC,,全对得分
下列例子中货币充当支付手段的有（          ）,在某商店一台电视机标价1000元,某消费者得到工资和奖金,某消费者还欠别人的钱,某消费者在每月底用现金缴房租,BCD,,全对得分
决定一定时期内流通中所需要的货币量的因素主要有（          ）,进入流通的商品数量,商品的价格水平,货币发行量,货币流通速度,ABD,,全对得分
资本主义国家的职能的两个基本方面是（          ）,立法司法职能,对内职能,对外职能,行政职能,BC,,全对得分
商品的价目表说明（          ）,货币在执行价值尺度的职能,货币在充当商品交换的媒介,价格是商品价值的货币表现,商品价格的高低,ACD,,全对得分
资本积累规模的大小取决于（          ）,对工人的剥削程度,预付资本量的大小,所用资本和所费资本之间的差额,劳动生产率的高低,ABCD,,全对得分
资本积累、积聚和集中的相互关系是（          ）,资本集中是资本积累的直接结果,资本积聚是资本积累的实现条件,资本积聚有利于资本集中,资本迅速集中会加快资本积累,ACD,,全对得分
下列现象掩盖资本主义剥削实质的是（          ）,资本总是表现为一定的物,不变资本只是剩余价值生产的条件,资本主义工资是工人全部劳动的报酬,资本主义利润是全部预付资本的产物,CD,,全对得分
资本主义政权的分权制衡是指（          ）,立法权,管理权,行政权,司法权,ACD,,全对得分
剩余价值与利润这两个范畴之间的关系是（          ）,利润是剩余价值的转化形式,剩余价值是利润的转化形式,剩余价值是利润的本质,利润掩盖了剩余价值的真正源泉,ACD,,全对得分
资本主义政治制度（          ）,建立在资本主义社会的经济基础之上,反映了资本主义社会的经济关系,反映了政治上占统治地位的资产阶级的要求,作为上层建筑，为巩固和发展资本主义社会的经济基础提供政治保障,ABCD,,全对得分
资产阶级政党在国家政治生活中发挥着很大作用，包括（          ）,代表资产阶级执掌政权，对政府施加影响、控制议会,制定和推行符合资产阶级利益的方针、政策,操纵选举,控制群众团体和舆论宣传,ABCD,,全对得分
第二次世界大战后，发达资本主义国家工人工作日有所缩短，这表明（          ）,对工人剥削程度有所减轻,劳动生产率明显提高,必要劳动时间大为缩短,相对剩余价值成为主要剥削形式,BCD,,全对得分
资本主义工资之所以表现为劳动的价值或价格是因为（          ）,工资被看做是全部劳动的报酬,工人一般在提供了劳动之后，资本家才付工资,工资依劳动时间长短而不同,工资依劳动效率高低而不同,BCD,,全对得分
分析资本主义经济之所以从商品开始，是因为（          ）,资本主义经济是高度发达的商品经济,资本主义社会的财富普遍采取商品形式,商品是资本主义经济的细胞,商品包含着资本主义一切矛盾的萌芽,ABCD,,全对得分
资产阶级意识形态的本质是（          ）,根本上代表了人民的意志和愿望,集中地体现了资本主义国家文化的精华,是为资本主义社会形态的经济基础服务的,是资产阶级阶级意识的集中体现,CD,,全对得分
下列哪些说法是错误的：单位商品的价值量和生产这种商品的（          ）,社会劳动生产率成正比,社会必要劳动时间成正比,社会劳动生产率成反比,社会必要劳动时间成反比,AD,,全对得分
剩余价值与利润这两个范畴之间的关系中，错误的说法是（          ）,利润是剩余价值的转化形式,剩余价值是利润的转化形式,剩余价值掩盖了利润的真正源泉,利润掩盖了剩余价值的真正源泉,BC,,全对得分
资本主义基本矛盾及其表现是（          ）,各个企业内部生产的有组织性和整个社会生产无政府状态之间的矛盾,社会生产无限扩大的趋势与有支付能力的需求相对狭小的矛盾,无产阶级与资产阶级之间的矛盾,生产社会化和生产资料资本主义私人占有形式之间的矛盾,ABC,,全对得分
尊重和利用价值规律，就是要（          ）,利用价格杠杆，调节供求，使社会资源配置趋于合理，经济整体素质不断提高,不断采用新技术，加强管理，降低成本,坚持市场导向，调整产品结构，提高企业竞争力,鼓励公平竞争，反对垄断行为、地方保护主义及各种不正当竞争,ABCD,,全对得分
我们可以借鉴的资本主义意识形态的理论有（          ）,关于人类政治生活客观规律的探索,关于经济运行一般规律的揭示,关于思维规律的研究,关于司法实践历史经验的描述,ABCD,,全对得分
一切商品都包含着价值与使用价值两个因素，这是因为（          ）,凡是没有使用价值的物品，就不会有价值,没有价值的物品，虽然有使用价值也不能成为商品,使用价值是商品价值的物质承担者,有使用价值的物品，就必然有价值,ABC,,全对得分
关于资本主义工资，错误的看法有（          ）,工资就是劳动的报酬,工资就是劳动力的价值或价格,工资就是劳动力价值的货币表现,工资就是劳动的价值或价格,AD,,全对得分
纸币是国家发行的强制使用的价值符号，它可以（          ）,代表金属货币执行流通手段职能,代表金属货币执行支付手段职能,充当储蓄手段,按一定汇率在不同国家之间进行兑换,ABCD,,全对得分
资本主义国家的对外职能主要有（          ）,对被统治阶级进行压迫和控制的政治功能,对邮政、铁路、水路、文教、卫生保健、社会福利等事业进行管理的公共管理职能,进行国际交往的职能,维护国家安全和利益的职能,CD,,全对得分
资本主义国家工人工作日法定的缩短后，不正确的说法有（          ）,对工人剥削程度大大减轻,劳动生产率明显提高,必要劳动时间大为缩短,绝对剩余价值成为主要剥削形式,AD,,全对得分
价格围绕价值上下波动，不是对价值规律作用的否定，而恰恰是价值规律作用的表现形式，下列说法错误的是（          ）,商品交换都是按照价格与价值相一致的原则进行的,从商品交换的总体看，价格总额与价值总额也是不相等的,从商品交换的较长时间看，价格与价值是趋于一致的,各种商品价格的波动，是以各自的价值为基础的,AB,,全对得分
“商品是天生的平等派”，这表明（          ）,相同的商品只能卖同样的价钱,商品的价值由社会必要劳动时间决定,商品的个别生产时间对商品的社会必要劳动时间没有影响,商品交换过程中，市场价格由价值决定,BD,,全对得分
一切商品都是（          ）,劳动产品,用来交换的劳动产品,使用价值和价值的统一体,用来满足人们某种需要的劳动产品,ABCD,,全对得分
不能反映资本家对工人的剥削程度的公式是（          ）,剩余价值/可变资本,剩余价值/全部预付资本,剩余劳动时间/必要劳动时间,剩余价值/不变资本,BD,,全对得分
商品是使用价值和价值的统一。下面说法错误的是（          ）,缺少使用价值和价值任何一方面，都不能成为商品,使用价值和价值什么时候都不能分开,有使用价值，但不是劳动产品，也不是商品，因为没有价值,有使用价值，也是劳动产品，一定有价值,BD,,全对得分
关于绝对剩余价值生产和相对剩余价值生产，错误的说法是（          ）,都体现着资本家对工人的剥削关系,都延长了劳动时间,都是资本主义社会发展早期采用的方法,都提高了剩余价值率,BC,,全对得分
下面不属于价值规律内容是（          ）,商品的价值量由生产商品的社会必要劳动时间决定,商品交换以价值量为基础实行等价交换,商品交换时供求变化影响了价格，使价格背离了价值,价格机制对生产者来说就是他安排生产的指挥棒,CD,,全对得分
关于资本主义生产过程，正确的是（          ）,生产出新的使用价值,转移了生产资料的价值,提升了劳动的价值,创造出剩余价值,ABD,,全对得分
关于不变资本和可变资本的划分，错误的说法是（          ）,进一步揭示了剩余价值的真正源泉,为计算剩余价值率提供了科学依据,为计算资本周转速度提供了依据,为资本家计算利润奠定了基础,CD,,全对得分
劳动和劳动力的区别还在于（          ）,劳动力是蕴藏在人们身体中的脑力和体力的总和，它是存在于活的人体内的劳动能力,劳动则是劳动力在生产过程中的耗费和发挥,劳动力的存在以健康人的生存为条件,劳动的实现必须以生产资料和劳动力相结合为条件,ABCD,,全对得分
马克思所处的时代相比，对劳动创造价值的认识还缺乏对（          ）,劳动中科技含量和知识含量的认识,科技人员和管理人员劳动的认识,农业劳动已成为物质生产劳动的基本形式的认识,体力劳动已成为物质生产劳动的基本形式的认识,AB,,全对得分
马克思指出，“处于流动状态的人类劳动力或人类劳动形成价值，但本身并不是价值。它在凝固的状态中，在物化的形式上才形成价值。这就是说，要把人类抽象劳动，凝结在一定的物体里面，即一定的对象里，它才形成价值。”这说明（          ）,价值是商品的本质属性,价值是由抽象劳动形成的,价值体现商品生产者相互交换劳动的关系,价值是交换价值的内容和基础,ABCD,,全对得分
商品的价值是（          ）,由抽象劳动创造的,商品的自然属性,生产商品消耗的具体劳动,商品的社会属性,AD,,全对得分
资本主义劳动过程同其他劳动过程相比较体现出来的特点是（          ）,创造新的使用价值,创造新的价值,劳动产品归资本家所有,工人在资本家监督下劳动，其劳动属于资本家,CD,,全对得分
下列选项对资本主义意识形态理解正确的是（          ）,资本主义意识形态是资本主义社会条件下的观念上层建筑,资本主义意识形态是为资本主义社会形态的经济基础服务的,资本主义意识形态是资产阶级意识的集中体现,在资本主义国家中占统治地位的政治、经济、法律都属于资本主义意识形态范畴,ABCD,,全对得分
关于剩余价值规律下列说法错误的是（          ）,揭示了资本主义生产的目的和达到目的的手段,反映资本主义生产的实质,是商品经济的基本规律,伴随市场经济始终的经济规律,CD,,全对得分
货币的本质通过它的职能体现出来，货币有多种职能，其中最基本的职能是（          ）,价值尺度,流通手段,支付手段,贮藏手段和世界货币,AB,,全对得分
马克思指出“劳动力的价值也是由生产从而再生产这种特殊物品所必需的劳动时间决定的”。因此，劳动力商品的价值构成包括（          ）,维持劳动者生存所需要的生活资料价值,劳动者进行生产活动所必须的生产资料价值,养育子女所需要的生活资料价值,劳动者的教育和培训费用,ACD,,全对得分
对资本主义简单再生产过程分析的意义在于揭示（          ）,资本主义再生产过程中资本运动所采取的形式,可变资本是工人创造的价值的一部分,不仅可变资本而且全部资本都是工人的劳动创造的,工人的个人消费不过是为资本家再生产劳动力,BCD,,全对得分
马克思指出：“我们在这里最初看到的利润，和剩余价值是一回事，不过它具有一个神秘的形式，而这个神秘化的形式必然会从资本主义生产方式中产生出来。”恩格斯也指出：“马克思一有机会就提醒读者注意，决不要把他所说的剩余价值同利润或资本赢利相混淆。”这说明（          ）,利润是剩余价值的一种具体形式,剩余价值是利润的本质内容,剩余价值是资本的赢利,利润常常只是剩余价值的一部分,ABD,,全对得分
交换价值是（          ）,一种商品价值与另一种商品价值相交换量的关系或比例,一种商品使用价值与另一种商品使用价值相交换的量的关系或比例,商品价值的表现形式,商品使用价值的表现形式,BC,,全对得分
价值是（          ）,凝结在商品中的抽象劳动,商品的社会属性,交换价值的基础,反映商品生产者之间的关系,ABCD,,全对得分
下列选项关于商品的价值、使用价值以及交换价值的关系理解正确的是（          ）,使用价值是交换价值的物质承担者,价值是交换价值的基础,价值是使用价值的表现形式,交换价值是价值的表现形式,ABD,,全对得分
人类进入了21世纪，与马克思所处的时代相比，社会经济条件发生了很大的变化。因此，必须深化对马克思劳动价值论的认识。主要包括（          ）,深化对创造价值的劳动的认识,深化对价值创造与价值分配关系的认识,深化对科技人员、经营管理人员在社会生产和价值创造中所起的作用的认识,深化对科技、知识、信息等新的生产要素在财富和价值创造中的作用的认识,ABCD,,全对得分
在商品经济运行中，价值、价格、供求三者之间的关系是（          ）,价格受供求关系影响，围绕价值上下波动,价格受价值影响，随供求关系变化而变动,价格由价值决定，反映价值并反映供求关系,价格由价值决定，受供求关系影响又制约供求关系,ACD,,全对得分
关于资本主义工资的问题，下列说法正确的是（          ）,科学地区分劳动和劳动力是揭示资本主义工资本质的关键,资本主义工资的基本形式分为计时工资和计件工资两种,资本主义工资小于工人在生产劳动中创造的新价值,资本主义工资掩盖了雇佣工人的必要劳动和剩余劳动的区别,ABCD,,全对得分
使用价值和价值是商品的两个基本因素。当生产者把商品卖给消费者时，（          ）,生产者和消费者都得到了商品的使用价值和价值,生产者既实现了商品的使用价值，也实现了商品的价值,生产者实现了商品的价值，却让渡了商品的使用价值,消费者得到了商品的使用价值，却支付了商品的价值,CD,,全对得分
下列关于使用价值与价值的表述，正确的有（          ）,使用价值是永恒范畴，而价值是历史范畴,使用价值是商品的自然属性，而价值是商品的社会属性,使用价值是具体劳动创造的，而价值是由抽象劳动形成的,使用价值和价值既相互依存，互为前提，又相互对立,ABC,,全对得分
具体劳动和抽象劳动是生产商品的同一劳动过程的两个方面，二者的区别在于（          ）,具体劳动是劳动的具体形式，抽象劳动是一般的人类劳动,不同的具体劳动有质的不同，抽象劳动没有质的差别,具体劳动反映人与自然的关系，抽象劳动体现商品生产者之间的关系,具体劳动创造商品的使用价值，抽象劳动创造商品的价值,ABC,,全对得分
马克思指出，在商品经济中，价值规律是“作为起调节作用的自然规律强制地为自己开辟道路，就像房屋倒在人的头上时重力定律强制为自己开辟道路一样”。这表明（          ）,价值规律是商品经济的一般规律或基本规律,价值规律和自然规律一样具有强制性,价值规律具有自发性,价值规律排斥人的主观能动性,ABC,,全对得分
资本主义国家的对内职能主要有（          ）,对被统治阶级进行压迫和控制的政治功能,对邮政、铁路、水路、文教、卫生保健、社会福利等事业进行管理的公共管理职能,进行国际交往的职能,维护国家安全和利益的职能,AB,,全对得分
影响劳动生产率高低的主要因素有（          ）,科学技术的发展水平及其在工艺上的应用程度,劳动者技术的平均熟练程度,生产资料的规模和效能以及自然条件,生产过程中分工和协作的合理程度,ABCD,,全对得分
资本主义政治制度的历史和阶级局限性是（          ）,资本主义的民主是金钱操纵下的民主,法律名义上的平等掩盖了事实上的不平等,资本主义国家的多党制是资产阶级选择自己的国家管理者、实现其内部利益平衡的政治机制,制定和推行符合资产阶级利益的方针、政策,ABC,,全对得分
反映资本家对工人的剥削程度的公式是（          ）,剩余价值/可变资本,剩余价值/全部预付资本,剩余劳动时间/必要劳动时间,年剩余价值量/预付可变资本,AC,,全对得分
影响资本积累数量的因素有（          ）,对劳动力的剥削程度,社会劳动生产率的水平,预付资本量的大小,所用资本和所费资本之间的差额,ABCD,,全对得分
价格受市场供求的影响，围绕价值上下波动，不是对价值规律作用的否定，而是价值规律作用的表现形式，这是因为（          ）,商品交换都是按照价格与价值相一致的原则进行的,从商品交换的总体看，价格总额与价值总额是相等的,从商品交换的较长时间看，价格与价值是趋于一致的,各种商品价格的波动，是以各自的价值为基础的,BCD,,全对得分
“物以稀为贵，商品价值量的大小是由市场的供求关系决定的”，这种观点（          ）,正确揭示了决定商品价值量大小的根源,是正确的观点,否定了社会必要劳动时间对商品价值量大小的决定作用,是错误的观点,BD,,全对得分
简单商品经济中所包含的各种矛盾主要是（          ）,使用价值和价值的矛盾,价值和交换价值的矛盾,具体劳动和抽象劳动的矛盾,私人劳动和社会劳动的矛盾,ACD,,全对得分
绝对剩余价值生产和相对剩余价值生产的共同点（          ）,都体现着资本家对工人的剥削关系,都延长了剩余劳动时间,都增加了剩余价值量,都提高了剩余价值率,ABCD,,全对得分
资本主义生产过程是劳动过程和价值增殖过程的统一。在这一过程中，具体劳动（          ）,生产新的使用价值,创造剩余价值,转移劳动力的价值,转移生产资料的价值,AD,,全对得分
劳动力商品的价值包括（          ）,维持劳动者生存所需要的生活资料价值,劳动者维持生产所必需的生产资料价值,养育子女所需要的生活资料价值,劳动者的教育和培训费用,ACD,,全对得分
价值规律的内容和要求是（          ）,商品的价值量由生产商品的社会必要劳动时间决定,商品交换以商品的价值量为基础,商品交换必须实行等价交换,价格围绕价值上下波动,ABC,,全对得分
资本区分为不变资本和可变资本的意义在于（          ）,进一步揭示了剩余价值的真正源泉,为计算剩余价值率提供了科学依据,为计算资本周转速度提供了依据,为平均利润、生产价格理论奠定了基础,ABD,,全对得分
资本主义生产的结果是（          ）,生产出新的使用价值,转移了生产资料的价值,再生产劳动力的价值,创造出剩余价值,ABCD,,全对得分
剩余价值规律（          ）,揭示了资本主义生产的目的和达到目的的手段,反映资本主义生产的实质,在资本主义社会起主导作用,决定资本主义生产的主要方面和主要过程,ABCD,,全对得分
在新的历史条件下，与马克思所处的时代相比，深化对创造价值的劳动的认识主要有（          ）,劳动的科技含量和知识含量增加了,科技人员和管理人员的劳动在劳动总量中的比重增加了,农业劳动已成为物质生产劳动的基本形式,在总的劳动消耗量中物化劳动的比重增加而活劳动的比重相对减少了,ABD,,全对得分
单位商品的价值量和生产这种商品的（          ）,劳动生产率成正比,社会必要劳动时间成正比,劳动生产率成反比,社会必要劳动时间成反比,BC,,全对得分
纺织厂的资本家购买的用于生产的棉花属于（          ）,不变资本,固定资本,可变资本,流动资本,AD,,全对得分
在其他条件不变的情况下，资本有机构成的提高会导致（          ）,相对过剩人口的形成,利润率的提高,可变资本在总资本中比例的降低,资本周转速度的减缓,AC,,全对得分
商品是使用价值和价值的统一。这表明（          ）,缺少使用价值和价值任何一方面，都不能成为商品,没有使用价值就没有价值,有使用价值，但不是劳动产品，也不是商品,有使用价值，也是劳动产品，但只是供生产者自己消费，也不是商品,ABCD,,全对得分
以下对马克思的劳动价值论的说法正确的是（          ）,是对古典政治经济学劳动价值论的批判、继承和发展,是剩余价值理论的基础,是研究价值分配的理论,为揭示资本主义生产方式的本质奠定了理论基础,ABD,,全对得分
在资本主义现实中，剩余价值是采取各种转化形式出现的，它们有（          ）,成本,工资,利润,利息,CD,,全对得分
具体劳动和抽象劳动的区别是（          ）,具体劳动是劳动的具体形式，抽象劳动是一般人类劳动,具体劳动是体力劳动，抽象劳动是脑力劳动,具体劳动反映人与自然的关系，抽象劳动反映社会生产关系,具体劳动不是使用价值的唯一源泉，抽象劳动是价值的唯一源泉,ACD,,全对得分
为了追逐最大化的利润，资本家总是想方设法地进行资本积累，而资本积累的源泉是剩余价值。一般而言，资本积累规模的大小取决于,利用资本与所费资本之间的差额,劳动生产率的高低,资本家垫付资本的大小,资本家对工人的剥削制度,ABCD,,全对得分
资本主义制度从建立至今，经历了（         ）阶段,自由竞争资本主义,后资本主义,经济危机频发,垄断资本主义,AD,,全对得分
资本主义国家采用的微观规制的类型主要有（         ）,反托拉斯法,公共事业规制,社会经济规制,意识形态规制,ABC,,全对得分
对于输入国来说，资本输出的作用表现在（         ）,促进了输入国自然经济的瓦解和商品经济的发展,带动输入国建成一些经济发展所必需的基础设施,对输入国民族经济的发展没有任何益处,给输入国带来一系列社会经济问题,ABD,,全对得分
垄断资本向世界范围扩展的基本形式有（         ）,借贷资本输出,生产资本输出,商品资本输出,私人资本输出,ABC,,全对得分
社会主义代替资本主义是一个（         ）,长期的历史过程,隐蔽的历史过程,曲折的历史过程,复杂的历史过程,ACD,,全对得分
列宁根据他所处的时代的实践曾指出，资本主义发展到帝国主义，便具有五个基本特征，包括（         ）,垄断组织在经济生活中起决定作用,在金融资本的基础上形成金融寡头的统治,瓜分世界的资本家国际垄断同盟已经形成,最大资本主义大国已把世界上的领土瓜分完毕,ABCD,,全对得分
资本主义制度的历史进步性主要表现在（         ）,促使科学技术转变为生产力,追求剩余价值的动力和竞争的压力推动了生产力发展,资本主义政治制度促进和完善了资本主义生产方式,资本主义意识形态促进和完善了资本主义生产方式,ABCD,,全对得分
垄断资本主义本身发展所经历的阶段是（         ）,企业垄断资本主义阶段,行业垄断资本主义阶段,私人垄断资本主义阶段,国家垄断资本主义阶段,CD,,全对得分
经济全球化发展趋势的主要表现是（         ）,市场经济成为全球经济体制,区域经济集团化日益发展,跨国公司的主导作用增强,几乎所有国家都被卷入了市场经济潮流之中,ABCD,,全对得分
资产阶级推动改良主义的措施主要有（         ）,收买本国工人阶级中少数上层分子和工人领袖从内部分裂破坏工人运动,通过推行福利政策，举办多种福利事业来缓和阶级矛盾,推行“劳资合作”、“工人参加管理”等措施，来调动工人的积极性,宣扬“资本民主化”、“人民资本主义”思想,ABCD,,全对得分
垄断时期竞争的手段主要有（         ）,政治手段,经济手段,暴力手段,欺骗.讹诈和盗窃情报,ABC,,全对得分
国家垄断资本主义是（         ）,银行垄断资本和工业垄断资本融合或混合生长的资本,国家政权和私人垄断资本相结合的垄断资本,资本主义基本矛盾发展的产物,社会主义最完备的物质准备,BCD,,全对得分
金融资本（         ）,是垄断资本主义阶段居统治地位的资本,是在垄断基础上由银行垄断资本和工业垄断资本融合或混合生长而形成的新型资本,是自由竞争资本主义阶段所产生的资本,主要是通过“参与制”在政治领域里进行统治的资本,AB,,全对得分
与第二次世界大战之前的资本主义相比，当代资本主义生产关系中的社会阶层、阶级机构发生了许多新的变化。主要表现在（         ）,知识型和服务型劳动者数量随科技革命不断深入而持续地增加,资本家由从前的直接生产经营者变成了以剪息票为生的食利者,职工持股和参与决策使得劳动者成为资本家集团的重要力量,高级职业经理成为资本主义社会大公司经营活动的实际控制者,ABCD,,全对得分
空想社会主义与科学社会主义的根本区别在于（       ）,历史观不同,对资本主义制度的态度不同,实现理想的途径不同,依靠的社会力量不同,ACD,,全对得分
十月革命后列宁指出：“对俄国来说，根据书本争论社会主义纲领的时代已经过去了，我深信已经一去不复返了。今天只能根据经验来谈社会主义”。对这句话的正确理解是（       ）,在社会主义建设中经验比理论更重要,在社会主义建设过程中对纲领的讨论是无足轻重的,应该在实践中不断丰富发展社会主义理论,必须由实践来检验社会主义理论,CD,,全对得分
批判的空想社会主义在理论上的局限性在于（       ）,未能揭示资本主义必然灭亡的经济根源,看不到埋葬资本主义的力量,找不到通往理想社会的现实道路,不是科学的思想体系,ABCD,,全对得分
列宁关于社会主义理论的主要贡献包括（       ）,把社会主义建设作为一个长期探索、不断实践的过程,把大力发展生产力、提高劳动生产率放在首位,在过渡时期不能人为取消商品经济，而要利用商品货币关系发展经济,社会主义革命后可以利用资本主义的某些方法建设社会主义,ABCD,,全对得分
下列对空想社会主义的认识正确的是（       ）,它是一种批判、否定资本主义的思潮,它反映了早期无产阶级迫切要求改造现存社会、建立理想的新社会的愿望,它是早期无产阶级意识和利益的先声,就理论体系而言，它属于资产阶级的理论,ABC,,全对得分
在整个社会主义历史时期无产阶级专政的任务是（       ）,镇压一切反社会主义敌对势力的反抗与破坏，防止外敌侵略和颠覆,保护广大人民群众的合法权益,巩固作为社会主义经济制度基础的公有制，领导与组织社会主义建设,维护社会主义法制社会,ABCD,,全对得分
列宁在“政治遗嘱”中，提出了一系列关于社会主义的新构想，如（       ）,学习和利用资本主义一切有价值的东西,发展大工业，实现工业化和电气化,用合作社形式将农民引向社会主义道路,进行文化革命，大力发展文化教育事业,ABCD,,全对得分
空想社会主义理论的合理性表现在（       ）,它深刻揭露了资本主义的罪恶,它认为资本主义必须要被一种更好的制度取代,它揭示了资本主义必然灭亡的经济根源,它认为无产阶级是埋葬资本主义的革命力量,AB,,全对得分
一下陈述，属于资本主义国家对社会主义国家进行“和平演变”战略内容的有（       ）,通过强硬的军事、政治压力和有限制的经济、科技的合作，迫使社会主义国家屈从其经济政治发展战略的要求，并达到促使社会主义国家改变制度的目的,通过强大的文化机器和文化产品进行文化渗透，在社会主义国家内部制造经济、政治、思想等种种混乱,支持和操纵社会主义国家内部的反对力量,进行赤裸裸的军事侵略,ABC,,全对得分
马克思对阶级斗争学说的新贡献是（       ）,发现了社会上的阶级斗争，提出了阶级斗争学说,提出了人类社会史就是阶级斗争史的学说,发现阶级和阶级斗争的存在只同生产发展的一定历史阶段相联系,阶级斗争必然导致无产阶级专政,CD,,全对得分
社会主义实现模式多样化的原因在于（       ）,政治经济文化水平的发展不同,历史传统不同,指导思想不同,地域环境不同,ABD,,全对得分
在实现社会主义的自我发展与完善中要（       ）,以与时俱进的马克思主义理论为指导，坚持正确的改革方向,选择正确的改革方式与步骤，因地制宜，循序渐进,完全按照发达国家模式发展,妥善处理改革、发展与稳定的关系,ABD,,全对得分
对无产阶级专政和社会主义民主认识正确的是（       ）,无产阶级专政和社会主义民主是科学社会主义的核心内容,坚持无产阶级专政是建立和发展社会主义的政治保证,建设高度的社会主义民主，是工人阶级执政党为之奋斗的崇高目标和根本任务,无产阶级专政思想的诞生，是马克思主义科学思想体系形成的重要标志之一,ABCD,,全对得分
无产阶级专政的特征有（       ）,无产阶级专政是人类社会最后也是最进步的新型国家政权,无产阶级专政是工人阶级通过共产党领导的国家政权,无产阶级专政是以工农联盟为阶级基础的国家政权,无产阶级专政最终的目标是建立无阶级的社会,ABCD,,全对得分
空想社会主义的发展经历了哪些阶段（       ）,16—17世纪早期空想社会主义,18世纪的空想平均共产主义,19世纪初批判的空想社会主义,不成熟、不科学的空想社会主义,ABC,,全对得分
东欧剧变、苏联解体，最深刻的教训是（       ）,放弃了社会主义道路,放弃了无产阶级专政,放弃了共产党的领导地位,放弃了马克思列宁主义,ABCD,,全对得分
马克思主义政党的领导核心作用主要体现在（       ）,社会主义革命中,社会主义建设事业中,社会主义改革事业中,自发的群众运动中,ABC,,全对得分
社会主义发展道路多样性的原因有（       ）,各国生产力状况各不相同,各国历史传统各不相同,各国工业化程度各不相同,各国文化习俗各不相同,ABCD,,全对得分
坚持走中国特色社会主义道路的正确做法是（         ）,坚持解放思想、实事求是、与时俱进、求真务实，用于推进理论和实践创新,坚持以人为本，尊重人民主体地位，发挥群众首创精神，紧紧依靠人民推动改革,坚持正确处理改革发展稳定关系，胆子要大，步子要稳,坚持顶层设计和摸着石头过河相结合，整体推进和重点突破相促进，提高改革决策科学性，广泛凝聚共识，形成改革合力,ABCD,,全对得分
经济文化相对落后的国家建设社会主义之所以是长期的和艰巨的，是因为（       ）,商品经济不发达，生产力落后,封建主义传统长，缺乏近代民主的传统,社会主义国家从诞生之日起，就处在资本主义世界的包围之中，受到资本主义列强的遏制和扼杀,马克思主义执政党对社会主义发展道路和建设规律的探索是一个过程,ABCD,,全对得分
社会主义在曲折中发展是由以下哪些因素决定的（        ）,社会主义是新生事物，其成长不会一帆风顺的,社会主义社会的基本矛盾推动社会发展，是作为一个过程而展开的，人们对它的认识也有一个逐渐发展的过程,经济全球化对于社会主义的发展既是机遇又是挑战,社会主义本身难以解决的内在矛盾导致的,ABC,,全对得分
努力探索适合本国国情的社会主义发展道路，必须做到（        ）,必须坚持对待马克思主义的科学态度,必须从当时当地的历史条件出发，坚持“走自己的路”,必须充分吸收人类一切文明成果,照搬西方发达国家资本主义建设的模式,ABC,,全对得分
科学社会主义诞生的重大意义是（       ）,敲响了资本主义的丧钟,使工人阶级拥有了反对资产阶级的强大思想武器,指引一些国家的工人阶级进行革命，在本国建立了社会主义制度,资本主义在全世界的消亡成为现实,ABC,,全对得分
十月社会主义革命划时代的意义是（       ）,第一次把马克思主义关于无产阶级革命的理论变成了现实,冲破了世界帝国主义阵营，沉重打击了帝国主义资产阶级的统治,动摇了帝国主义殖民统治，推动了殖民地、半殖民地人民的解放斗争,促进了马克思列宁主义的传播，开创了世界社会主义运动发展的新局面,ABCD,,全对得分
社会主义作为人类社会历史发展中的崭新形态，其产生和发展（       ）,符合历史发展趋势,代表社会进步方向,体现着人类的未来,具有强大生命力,ABCD,,全对得分
社会主义的发展具有曲折性，但是，社会主义在曲折中持续前进，则是任何力量都不能扭转的历史趋势。这是因为（       ）,社会主义制度能够从根本上克服生产资料的资本主义私有制对生产力发展的束缚，为生产力的发展提供广阔的前景,社会主义的上层建筑完全适应经济基础的发展,社会主义符合广大人民的利益和愿望，能够得到人民的拥护和支持,社会主义能够在改革中不断实现自我发展和自我完善,ACD,,全对得分
《共产党宣言》提出，无产阶级取得政治统治以后的任务是（       ）,用革命的暴力镇压资产阶级的反抗,一步步地夺取资产阶级的全部资本，彻底消灭私有制,把全部生产资料集中在国家手中，使国家有计划地组织生产,大力发展生产力，尽快增加生产力的总量,ABCD,,全对得分
列宁认为社会主义可能首先在帝国主义链条中的薄弱环节突破。这里“薄弱环节”的含义包括（       ）,资本主义有一定程度的发展,各种社会矛盾极其尖锐,无产阶级的组织程度和觉悟程度比较高,资产阶级统治比较薄弱,ABCD,,全对得分
下列属于空想平均社会主义代表人物的是（       ）,摩莱里,康帕内拉,托马斯·闵采尔,马布利,AD,,全对得分
科学社会主义创立的两大理论基石是（       ）,劳动价值论,剩余价值论,唯物史观,暴力革命论,BC,,全对得分
无产阶级政党选择革命形式和道路应该遵循的基本原则是（       ）,暴力革命是无产阶级革命的唯一形式原则,马克思主义普遍真理与本国具体实践相结合的原则,由各国共产党自己决定、反对国际组织发号施令的原则,在任何情况下都要争取和平发展原则,BC,,全对得分
空想社会主义的理论之所以是空想，其主要原因在于（       ）,不成熟的资本主义生产状况,不成熟的阶级状况,空想社会主义者知识不够渊博,空想社会主义者的立场是资产阶级的,AB,,全对得分
’1921年3月，俄共（布）召开十大，决定从战时共产主义政策转变为实行新经济政策，下列属于新经济政策内容的有（       ）,用粮食税代替余粮收集制,允许私人自由贸易,恢复商品贸易关系，允许私人小工业企业发展,采取一些国家资本主义的形式来发展生产,ABCD,,全对得分
无产阶级革命是不同于以往一切革命的最新类型的革命，主要表现在（       ）,无产阶级革命是要消灭私有制、建立公有制的社会革命,无产阶级革命是最终要彻底消灭一切阶级剥削和阶级统治的革命,无产阶级革命是为绝大多数人谋利益的运动,无产阶级革命是不断前进的历史进程,ABCD,,全对得分
1871年3月18日，巴黎人民起义取得胜利，成立了巴黎公社。为防止国家机关工作人员由社会公仆变为社会主人，公社采取了一些措施，主要有（       ）,规定所有公职人员无论职位高低，实行全面的选举制和撤换制,取消高薪制，规定任何工作人员年薪不得超过熟练工人的工薪水平,按劳分配,实行政教分离和男女平等,AB,,全对得分
马克思主义关于无产阶级革命形式的基本观点（       ）,暴力革命是无产阶级革命的唯一形式,暴力革命是主要的基本形式,在任何情况下都要争取革命的和平发展,无产阶级革命有暴力和和平两种形式,BCD,,全对得分
十月革命的胜利，说明（       ）,暴力革命的伟大历史作用,证实了列宁关于社会主义革命有可能在一国或几个国家首先取得胜利的科学论断,经济文化相对落后的国家也可以率先建立起先进的社会制度,自由资本主义已经发展到了垄断资本主义,ABCD,,全对得分
“由于历史进程的曲折而不得不开始社会主义革命的那个国家愈落后，它由旧的资本主义关系过渡到社会主义关系就愈困难。”这段话可以理解为（       ）,越是落后的国家越容易首先取得社会主义革命的胜利,社会主义可能在比较落后的国家取得胜利,社会主义革命客观条件成熟的程度对向社会主义过渡有重大的影响,社会主义在比较落后的国家的胜利必然带来一系列新课题,BCD,,全对得分
社会主义由理论变为现实，由一国发展到多国，是人类历史上的巨大飞跃。20世纪的社会主义制度对人类社会的发展作出了巨大的历史贡献。主要有（       ）,社会主义开始作为一种新的社会制度发挥出历史作用，显示出强大的生命力,社会主义国家的存在及其在各方面的影响，改变了世界的政治格局,社会主义力量坚定地支持被压迫民族和被压迫人民，推动着世界和平与发展的时代潮流,社会主义在当代引导着世界人民的前进方向,ABCD,,全对得分
列宁指出：“社会主义和共产主义之间的科学区别，只在于第一个词是指从资本主义生长起来的新社会的第一阶段，第二个词是指它的下一个阶段，更高的阶段。”对此理解正确的是（       ）,社会主义和共产主义总体上属于同一个类型的社会形态,社会主义和共产主义在发展程度和成熟程度上存在重大区别,社会主义是共产主义的低级阶段,社会主义是实现共产主义的必由之路,ABCD,,全对得分
正确进行社会主义改革，必须（       ）,坚持正确的理论指导,坚持改革的正确方向,选择正确的改革方式和步骤,妥善处理改革、发展与稳定的关系,ABCD,,全对得分
下列属于列宁晚年“政治遗嘱”的口授文章是（       ）,《日记摘录》,《怎样改组工农检查院》,《宁肯少些，但要好些》,《无产阶级革命的军事纲领》,ABC,,全对得分
列宁的“一国或数国首先胜利”的理论内容是指（       ）,社会主义将在经济文化比较落后的国家首先取得胜利,社会主义将首先在一个或几个国家取得胜利，而其余的国家在一段时间内将仍然是资产阶级或资产阶级以前的国家,社会主义将在资本主义统治的薄弱环节首先取得胜利,帝国主义时代的无产阶级社会主义革命，将是一国或数国首先取得胜利，然后波浪式地发展为全世界的胜利,ABCD,,全对得分
"列宁指出：""一切民族都将走向社会主义，这是不可避免的，但是一切民族的走法却不会完全一样，在民主的这种或那种形式上，在无产阶级专政的这种或那种形态上，在社会生活各方面的社会主义改造的速度上，每个民族都会有自己的特点。""这一论述从历史唯物主义的高度揭示了各民族发展道路的多样性的内涵。下列关于社会主义发展道路多样性特点的正确观点有（       ）",时代和实践的不断发展是造成社会主义发展道路多样化的现实原因,历史文化传统的差异性是造成不同国家社会主义发展道路多样性的重要条件,各国民族因素和地理环境的不同是造成社会主义发展道路多样性的决定因素,各国生产力发展状况和社会发展阶段决定了社会主义发展道路具有不同的特点,ABD,,全对得分
马克思、恩格斯对资本主义批判的高明之处在于（       ）,看到资本主义社会的弊端,揭示出弊端的根源,揭示出资本主义发展中自我否定的力量,发现资本主义的矛盾运动中孕育着的新社会因素,ABCD,,全对得分
向共产主义过渡（       ）,必然是一个长期的实践过程,必须经过社会主义的充分发展,要在社会主义历史阶段中逐步创造条件,对经济落后国家需经历更长期的实践过程,ABCD,,全对得分
牢固树立共产主义远大理想，要（       ）,正确认识实现共产主义的客观必然性,积极投身于中国特色社会主义建设事业的实际行动中,以高尚的思想道德要求鞭策自己,从我做起，从现在做起，勤于学习,ABCD,,全对得分
共产主义社会是（       ）,人类难以企及的“乌托邦”,马克思主义最崇高的社会理想,人类历史发展的必然趋势,千百年来国人梦想的“大同社会”,BC,,全对得分
走中国特色社会主义之路，它是（       ）,中华民族为了实现自身的伟大复兴作出的重大抉择,中国社会主义革命和建设事业的经验总结,偏离了马克思主义既定发展轨道的结果,中华民族最终走向共产主义的必由之路和康庄大道,ABD,,全对得分
在共产主义社会，由于阶级消灭、国家消亡和“三大差别”消除，社会关系实现了高度和谐这里的“三大差别”是指（       ）,民族与民族的差别,工业与农业的差别,脑力劳动与体力劳动的差别,城市与乡村的差别,BCD,,全对得分
社会主义之所以在曲折中前进，其主要的决定因素是（       ）,社会主义作为一种崭新的制度，成长过程必然不会一帆风顺,作为发展中国家的社会主义的基本矛盾运动，推动了社会主义的经济社会发展,世界经济政治形势的错综复杂和国际经济政治秩序的变动演化,社会主义国家难以避免党政官员的腐败,ABC,,全对得分
马克思把共产主义社会划分为（       ），列宁分别把这两个阶段称为社会主义社会和共产主义社会,第一阶段,第二阶段,初级阶段,高级阶段,AD,,全对得分
实现人的自由而全面发展的必要条件有（       ）,完全摆脱生产资料私有制和阶级压迫的束缚,完全摆脱旧式分工的束缚,完全摆脱仅仅作为谋生手段的劳动的束缚,完全摆脱接受教育和训练的限制,ABCD,,全对得分
在整个社会主义历史时期无产阶级专政的任务是（       ）,镇压一切反社会主义敌对势力的反抗与破坏，防止外敌侵略和颠覆,保护广大人民群众的合法权益,巩固作为社会主义经济制度基础的公有制，领导与组织社会主义建设,维护社会主义法制社会,ABCD,,全对得分
共产主义社会的基本特征包括（       ）,物质财富极大丰富，消费资料按需分配,物质财富极大丰富，消费资料按劳分配,社会关系高度和谐，人们的精神境界极大提高,每个人自由而全面的发展，人类从必然王国向自由王国的飞跃,ACD,,全对得分
从我做起，从现在做起，（       ），善于创造，甘于奉献，努力做社会主义核心价值观的积极践行者,勤学,修德,明辨,笃实,ABCD,,全对得分
社会主义社会与共产主义社会之间的重大差别有（       ）,生产力发展水平不同,公有制形式不同,分配原则不同,人们的思想道德水平不同,ABCD,,全对得分
人的全面发展是指（       ）,德、智、体、美、劳各方面都得到发展,人的需要的全面丰富和充分满足,个人潜力和智能得到最大限度的发挥,人的各种要求都能得到满足,ABC,,全对得分
下列对“两个必然”（或“两个不可避免”）和“两个决不会”理解正确的是（       ）,两者是对资本主义灭亡和共产主义胜利必然性以及这种必然性实现的时间和条件的全面论述,“两个必然”讲的是资本主义灭亡和共产主义胜利的客观必然性，是根本的方面,“两个决不会”讲的是这种必然性实现的时间和条件,说明“两个必然”的实现需要相应的客观条件，而在这个条件具备之前决不会成为现实,ABCD,,全对得分
马克思主义经典作家站在科学的立场上，提出并自觉运用了预见未来社会的方法论原则这些科学的方法论原则有（       ）,在揭示人类社会发展一般规律的基础上指明社会发展的方向,在剖析资本主义旧世界的过程中阐发未来新世界的特点,在社会主义社会发展中不断深化对未来共产主义社会的认识,立足于揭示未来社会的一般特征，而不可能对各种细节作具体描绘,ABCD,,全对得分
