练习习题一,A,B,C,D,正确答案,答题解析
1、马克思主义理论体系是由不可分割的三个主要部分构成的，其全部学说的核心和理论结论是（   ）,马克思主义哲学,马克思主义政治经济学,科学社会主义,无产阶级革命的学说,C,
2、中国共产党在九十多年的奋斗、创造、积累过程中，形成了两大理论成果（   ）,阶级斗争理论,毛泽东思想和中国特色社会主义理论体系,辩证法理论,唯物史观,B,
3、当代中国的大学生，要自觉（   ），志存高远、脚踏实地，在实现中国梦的过程中让青春焕发出绚丽的光彩。,做好表面文章、摆花架子,对待自己采取自由主义,将个人的成长与社会的发展融合起来,对待别人采取马克思主义,C,
4、在第一次世界大战期间，作为帝国主义政治体系中最薄弱环节的国家是（   ）,德国,奥地利,中国,俄国,D,
5、学习马克思主义基本原理的根本方法是（   ）。,理论联系实际,理论联系工作,理论联系学习,理论联系思想,A,
6、学习马克思主义理论的主要目标是（   ）。,掌握具体的自然科学知识,掌握具体的社会科学知识,学会认识和改造世界的具体方法,树立正确的世界观、人生观、价值观,D,
7、整个马克思主义学说的理论基础是（   ）,马克思主义哲学,马克思主义政治经济学,科学社会主义学说,阶级和阶级斗争学说,A,
8、提出价值规律是“一只看不见的手”（   ）,马克思,亚当•斯密,大卫•李嘉图,威廉•配第,B,
9、“哲学把无产阶级当作自己的物质武器，同样，无产阶级把哲学当作自己的精神武器”，这个论断的含义是（   ）。,哲学的存在方式是物质,马克思主义是无产阶级的世界观和方法论,无产阶级的存在方式是精神,无产阶级掌握哲学就由自为阶级转变为自在阶级,B,
10、马克思主义强大生命力的根源在于其（   ）。,彻底的革命性,理论包罗万象,科学性与阶级性的统一,以实践为基础的科学性与革命性的统一,D,
11、马克思、恩格斯分别出生于（    ）莱茵省的特里尔市和巴门市。,法国,德国,英国,比利时,B,
12、马克思、恩格斯进一步发展和完善了英国古典经济学理论的（   ）,辩证法,历史观,劳动价值论,剩余价值论,C,
13、表明资本主义制度所固有的内在矛盾已经成为其难以克服的痼疾（   ）,经济危机周期性地爆发,工业革命,资本主义社会生产力和生产关系的矛盾运动,阶级斗争,A,
14、就理想的内容来划分，有生活理想、职业理想、道德理想、社会理想等。其中全部理想的核心是（   ）。,社会理想,道德理想,职业理想,生活理想,A,
15、马克思主义最重要的理论品质是（   ）。,吐故纳新,科学严谨,博大精深,与时俱进,D,
16、中国各族人民的共同理想是（   ）,倡导社会主义的民主精神,高扬社会主义的平等思想,提倡诚实守信的伦理道德,建设中国特色社会主义,D,
17、马克思主义始终保持蓬勃生命力的关键在于（   ）。,毫不动摇地坚持自己的观点,与时俱进的理论品质,批判地继承了前人的学说,掌握了永恒真理,B,
18、1848年2月，标志着马克思主义的公开问世。（   ）,《共产党宣言》的发表,《资本论》的发表,《法兰西内战》的发表,《反杜林论》的发表,A,
19、对待马克思主义，我们应该采取的态度是（   )。,随着时代的发展，对其做出根本修改,只把它当成过去的一种思想来看待,在实践的基础上把坚持和发展统一起来,要坚持马克思和恩格斯说过的每一句话,C,
20、19世纪30-40年代的三大工人运动，标志着现代无产阶级作为独立的政治力量登上了历史舞台，下列选项中（   ）不属于这三大运动。,英国宪章运动,法国里昂工人起义,美国芝加哥工人起义,德国西里西亚纺织工人起义,C,
21、广义的马克思主义是指（   ）,马克思恩、格斯时代的学说,马克思恩、格斯时代创立的学说,马克思恩、格斯创立的无产阶级思想的科学体系,由马克思、恩格斯创立并由其继承者发展着的马克思主义,D,
22、辩证唯物主义和历史唯物主义是马克思主义理论科学体系的（   ）,最重要的理论品质,最崇高的社会理想,最鲜明的政治立场,最根本的世界观和方法论基础,D,
23、马克思主义产生的阶级基础是（   ）,科学技术的发展,资本主义经济的发展,随着无产阶级反对资产阶级的斗争日益激化，工人阶级逐步登上历史舞台,机器大工业生产的发展,C,
24、马克思主义产生的经济、社会历史条件是（   ）,科学技术的发展,资本主义经济的发展,无产阶级反对资产阶级斗争日益激化,工人阶级登上历史舞台,B,
25、马克思主义是（   ）,关于无产阶级和人类解放的科学理论,人民大众思想的科学体系,革命阶级思想的科学体系,革命政党思想的科学体系,A,
26、马克思主义政党最鲜明的政治立场是（   ）,致力于实现无产阶级和广大人民群众的根本利益,致力于实现共产党人和广大劳动群众的根本利益,致力于实现工人、农民和广大知识分子的根本利益,致力于实现中国人民乃至全世界人民的根本利益,A,
27、欧美各国先后完成了工业革命，实现了由工厂手工业到大机器工业的过渡，标志着资本主义制度的最终确立。（   ）,从16世纪开始到18世纪,从18世纪30年代开始到19世纪中期,从19世纪初开始到20世纪初,从20世纪初开始到20世纪中期,B,
28、马克思主义产生于（   ）,18世纪90年代,19世纪40年代,19世纪70年代,19世纪90年代,B,
29、资产阶级古典政治经济学最具代表性的人物是（   ）,马尔萨斯和西斯蒙第,亚当•斯密和大卫•李嘉图,大卫•李嘉图和西斯蒙第,亚当•斯密和凯恩斯,B,
30、在伦敦海格特公墓的马克思墓碑上，镌刻着马克思的一句名言：“哲学家们只是用不同的方式解释世界，而问题在于改变世界。”马克思主义新世界观创立的关键就在于马克思确立了（   ）,剩余价值论,阶级斗争理论,辩证法,科学的实践观,D,
31、一些自然科学家没有学习马克思主义，也取得了伟大的科学成就，这是因为他们（   ）,完全依靠个人的天才条件,摆脱了哲学的指导,具有对科学的浓厚兴趣,自觉不自觉地在科学研究中体现唯物论和辩证法的原则,D,
32、马克思主义理论的研究对象是（   ）,物质世界的一切现象,各个国家和民族发展的具体过程,人们的具体心理过程,自然、社会和思维发展的一般规律,D,
33、马克思主义哲学吸取的黑格尔哲学中的“合理内核”是（   ）,唯物主义思想,可知论思想,辩证法思想,认识论思想,C,
34、当人类即将迈入21世纪的时候，英国广播公司（BBC）在全球范围内举行过一次“千年思想家”网上评选。结果，（   ）位列榜首,恩格斯,马克思,爱因斯坦,黑格尔,B,
35、马克思主义是科学，从根本上说在于它（   ）,以世界的一般规律为研究对象,始终严格地以客观事实为依据,提供了普遍适用的客观真理,形成了完整的理论体系,B,
36、中国共产党第十九次全国代表大会，是在全面建成小康社会决胜阶段、中国特色社会主义进入(    )的关键时期召开的一次十分重要的大会。,新时期,新阶段,新征程,新时代,D,
37、十九大的主题是：不忘初心，（   ），高举中国特色社会主义伟大旗帜，决胜全面建成小康社会，夺取新时代中国特色社会主义伟大胜利，为实现中华民族伟大复兴的中国梦不懈奋斗。,继续前进,牢记使命,方得始终,砥砺前行,B,
38、中国共产党人的初心和使命，就是为中国人民(     ) ，为中华民族(     )。这个初心和使命是激励中国共产党人不断前进的根本动力。,谋幸福，谋未来,谋生活，谋复兴,谋幸福，谋复兴,谋生活，谋未来,C,
39、党的十八大到十九大五年来，我国统筹推进“（     ）”总体布局、协调推进“（    ）”战略布局，“十二五”规划胜利完成，“十三五”规划顺利实施，党和国家事业全面开创新局面。,五位一体、四个全面,四位一体、五个全面,五个全面、四位一体,四个全面五位一体,A,
40、马克思主义的产生具有深刻的社会根源、阶级基础和思想渊源，其创始人马克思‘1818年5月5日出生在德国特利尔城的一个律师家庭，恩格斯‘1820年11月28日出生在德国巴门市的一个工厂主家庭，他们放弃了舒适安逸的生活，毅然选样了充满荆棘坎坷的革命道路，创立了科学社会主义，马克思、恩格斯之所以能够创立科学社会主义，主要是因为（   ）,德国是当时最为发达的资本主义国家,他们对时代有着超越常人的认知能力,社会历史条件和个人努力的相互作用,他们拥有优良的家教有最和教育经历,C,
41、在人与世界的相互作用中，人与世界同时得到了改变，并获得日益丰富的内容。造成这一变化的基础是(     ),自然界自身的运动,人的意识的能动作用,人的实践活动,工具的制造与使用,C,
42、马克思主义认为，社会生活在本质上是(     ),联系的,精神的,发展的,实践的,D,
43、“机不可失，时不再来。”这句话强调的是时间的(     ),客观性,无限性,方向性,一维性,D,
44、马克思主义实践观是从(     ),主观性中把握人的活动的,客观性中把握人的活动的,生物性中把握人的活动的,主观与客观的关系中把握人的活动的,D,
45、下列活动中，属于最基本的实践活动的是(     ),演员在舞台上表演,警察在街上巡逻,农民在田里插秧,科学家在实验室做实验,C,
46、下列命题中，正确阐述了实践含义的是(     ),实践是个人的日常生活活动,实践是主观创造客观的活动,实践是主体改造客体的活动,实践是主体应付环境的活动,C,
47、辨证唯物主义认为，时间和空间是(     ),物质的两种基本属性,人类感性直观的先天形式,“绝对观念”的外在表现形式,运动着的物质的存在形式,D,
48、下列各项正确说明物质和运动关系的是(     ),物质是运动的本质，运动是物质的现象,物质是永恒的，运动是暂时的,物质是运动的主体，运动是物质的根本属性,物质是客观的，运动是主观的,C,
49、在哲学基本问题上，唯心主义的主要错误是(     ),认为世界是不可认识的,主张物质和意识都是世界的本原,否认物质对意识的决定作用,否认意识对物质的能动作用,C,
50、人类生活的现实世界是(     ),人化自然和人类社会的统一体,客观世界和主观世界的统一体,自在自然和人化自然的统一体,人类实践活动中所形成的人类社会关系的总和,A,
51、中国宋代哲学家朱熹提出“理在事先”。这种观点属于(     ),主观唯心主义,客观唯心主义,形而上学唯物主义,辩证唯物主义,B,
52、唯物辩证法认为发展的实质是(     ),事物数量的增减,事物场所的变更,新事物的产生和旧事物的灭亡,周而复始的循环,C,
53、广大农民在致富奔小康的过程中深切体会到“要富口袋，先富脑袋”，这一说法在哲学上的含义是(     ),精神是第一性的，物质是第二性的,精神的力量可以变成物质的力量,精神的力量可以代替物质的力量,先有精神，后有物质,B,
54、“坐地日行八万里，巡天遥看一千河”的著名诗句所蕴含的哲理是(     ),物质运动的客观性和时空的主观性的统一,物质运动的无限性和时空的有限性的统一,物质运动的多样性和静止的单一性的统一,物质运动的绝对性和静止的相对性的统一,D,
55、世界上惟一不变的是变。这一论断的含义是(     ),变是世界的本原,世界上只有变，没有不变,变是绝对的，不变是相对的,变与不变是绝对对立的,C,
56、中国古代哲学家荀子说：“天行有常，不为尧存，不为桀亡。”这句话体现的哲学道理是(     ),物质运动规律具有普遍性,物质运动规律具有重复性,物质运动规律具有稳定性,物质运动规律具有客观性,D,
57、主观辩证法与客观辩证法的关系是(     ),反映与被反映的关系,唯心主义与唯物主义的关系,抽象与具体的关系,唯心辩证法与唯物辩证法的关系,A,
58、一切唯物论坚持的观点是(     ),物质决定意识，意识反作用于物质,物质第一性，意识第二性,理论与实践相结合,物质是标志客观实在的哲学范畴,B,
59、物质和意识的对立只有在非常有限的范围内才有绝对的意义，超过这个范围便是相对的了，这个范围是指(     ),物质和意识何者为第一性,物质和意识是否具有统一性,物质和意识何者更为重要,物质和意识何者与社会生活的关系更密切,A,
60下列观点属于客观唯心主义的是(     ),万物皆备于我,心外无物,物是感觉的复合,死生由命，富贵在天,D,
61、“古之天下，亦今之天下，今之天下，亦古之天下”这是(     )。,形而上学的观点,唯物主义观点,辩证法观点,唯心主义观点,A,
62、马克思主义哲学的物质观与自然科学物质结构理论的关系属于(     ),高级和低级的关系,一般和个别的关系,整体和部分的关系,简单和复杂的关系,B,
63、《坛经》中记载：“时有风吹幡动，一僧曰风动，一僧曰幡动，议论不已。慧能进曰：不是风动，不是幡动，仁者心动。”慧能的这种观点属于(     ),主观唯心主义运动观,客观唯心主义运动观,形而上学运动观,庸俗唯物主义运动观,A,
64、唯物辩证法的总特征是(     ),联系和发展的观点,量变和质变的观点,对立统一的观点,辩证否定的观点,A,
64、“风定花犹落，鸟鸣山更幽”形象地表达了动和静的辩证关系是(     ),静不是动，动不是静,静中有动，动中有静,动是必然的，静是偶然的,动是静的原因，静是动的结果,B,
65、印度一位教授曾对一棵树算了两笔不同的账：一棵正常生长50年的树，按市场上的木材价格计算，最多值300多美元；但从它产生的氧气、减少大气污染、涵养水源、可以为鸟类与其他动物提供栖息环境的生态效益看，则值20万美元。这种算账方法强调了(     ),事物存在的客观性,人类认识的主观性,事物联系的多样性,事物运动的规律性,C,
66、马克思主义哲学认为，物质的唯一特性是(     ),持续性,广延性,客观实在性,可知性,C,
67、唯物辩证法的实质与核心是(     ),质量互变规律,对立统一规律,否定之否定规律,内容和形式相互作用的规律,B,
68、下列选项中不属于物质范畴的是(     ),涨潮和退潮,日蚀和月蚀,生产力和生产关系,体育竞赛的程序和规则,D,
69、“人有多大胆，地有多大产；不怕办不到，就怕想不到；只要想得到，啥也能办到。”这是一种(     ),辩证唯物主义的观点,机械唯物主义的观点,主观唯心主义的观点,客观唯心主义的观点,C,
70、唯物辩证法认为，新旧事物区别的根本标志在于(     ),它们出现的时间先后,它们力量是否强大,人们对它们是否认可,它们是否符合历史发展的必然趋势,D,
71、没有大，就无所谓小；没有高，就无所谓低；没有长，就无所谓短。这说明(     ),矛盾双方是相互对立的,矛盾双方是相互依存的,矛盾双方是相互渗透的,矛盾双方是相互转化的,B,
72、古语说：“长堤溃蚁穴，君子慎其微。”面对消极腐败的东西，我们一定要提高警惕，防微杜渐，避免出现类似蚁穴溃堤的现象。从哲学上看，这是因为(     ),量变积累到一定程度会引起质变,原因的作用会引起结果,外因通过内因而起作用,矛盾双方在一定条件下相互转化,A,
73、分析矛盾的特殊性就是坚持(     ),实践的观点,理论联系实际,辩证的否定,具体问题具体分析,D,
74、认识我国改革开放和社会主义现代化建设的形势，我们要分清主流和支流，要看主流，同时又不忽略支流。这里依据的哲学道理是(     ),矛盾的普遍性和特殊性辩证关系的原理,主要矛盾和次要矛盾辩证关系的原理,事物的量变和质变辩证关系的原理,事物变化的内因和外因辩证关系的原理,B,
75、只承认量变，否认质变，会导致(     ),庸俗进化论,庸俗唯物论,激变论,均衡论,A,
76、“居安思危”这名话体现的哲学道理是(     ),矛盾双方在一定条件下可以相互转化,矛盾既具有普遍性又具有特殊性,内因和外因相结合推动事物发展,事物发展是量变和质变的统一,A,
77、在生活和工作中，凡事要掌握分寸，适可而止，防止“过”和“不及”。这在哲学上符合(     ),内因和外因关系的原理,度是质和量的统一的原理,理论和实践相统一的原理,两点论和重点论相统一的原理,B,
78、下列说法中，说明要坚持适度原则的是(     ),因地制宜，因时制宜,掌握火候，适可而止,兼听则明，偏信则暗,欲擒故纵，声东击西,B,
79、区分量变和质变的根本标志是(     ),事物的变化是否显著,事物的变化是否迅速,事物的变化是否突破原有的度,事物的变化是否合乎规律,C,
80、下列说法中，强调全面看问题的是(     ),兼听则明，偏信则暗,千里之堤，溃于蚁穴,近朱者赤，近墨者黑,有无相生，难易相成,A,
,,,,,,
,,,,,,
,,,,,,
,,,,,,
,,,,,,
,,,,,,
,,,,,,
, ,,,,,
,,,,,,
,,,,,,
,,,,,,
,,,,,,
,,,,,,
,,,,,,
,,,,,,
,,,,,,
,,,,,,
,,,,,,
,,,,,,
,,,,,,
,,,,,,
,,,,,,
,,,,,,
,,,,,,
,,,,,,
,,,,,,
,,,,,,
,,,,,,
,,,,,,
,,,,,,
,,,,,,
,,,,,,
,,,,,,
,,,,,,
,,,,,,
,,,,,,
,,,,,,
,,,,,,
,,,,,,
,,,,,,
,,,,,,
,,,,,,
,,,,,,
,,,,,,
,,,,,,
,,,,,,
,,,,,,
,,,,,,
,,,,,,
,,,,,,
,,,,,,
,,,,,,
,,,,,,
,,,,,,
,,,,,,
,,,,,,
,,,,,,
,,,,,,
,,,,,,
,,,,,,
,,,,,,
,,,,,,
,,,,,,
,,,,,,
,,,,,,
,,,,,,
,,,,,,
,,,,,,
任何意识都是人脑对客观世界的(     ),主观反映,歪曲反映,虚幻反映,正确反映,A,
<p>中国共产党人把马克思主义的普遍真理同中国的具体实际相结合，形成了毛泽东思想和中国特色社会主义理论体系，这是(&nbsp;&nbsp;&nbsp;&nbsp; )原理在中国实际运用的典范。&nbsp;</p>,<p>量变质变及其相互转化&nbsp;</p>,<p>事物永恒发展&nbsp;</p>,<p>矛盾的普遍性与特殊性&nbsp;</p>,<p>客观辩证法与主观辩证法相统一&nbsp;</p>,C,
“观念的东西不外是移入人的头脑并在人的头脑中改造过的物质的东西而已”。这表明(     ),人脑是意识的源泉,意识是客观存在的主观映象,观念和物质没有本质区别,意识是人脑产生的特殊物质,B,
对哲学基本问题第一个方面内容的不同回答是(     ),划分唯物主义和唯心主义的标准,划分辩证法和形而上学的标准,划分可知论和不可知论的标准,划分辩证唯物主义和形而上学唯物主义的标准,A,
“在对现存事物的肯定的理解中同时包含着对现存事物的否定的理解，即对现存事物必然灭亡的理解。”这是(     ),唯物辩证法的观点,相对主义诡辩论的观点,激变论的观点,庸俗进化论的观点,A,
在人与客观规律的关系问题上，人的主观能动性表现在(     ),人可以创造客观规律,人可以改变客观规律,人可以认识和利用客观规律,人可以消灭客观规律,C,
下列选项中，正确揭示意识本质的是(     ),意识对事物的发展起促进或阻碍作用,意识是自然界长期发展的产物,意识通过实践的途径才能对物质发生作用,意识是人脑对客观世界的反映,D,
唯物辩证法认为，发展是(     ),事物永不停息的运动变化,事物从过去到现在再到将来的变化,事物由低级到高级的运动变化,事物由小到大、由少到多的变化,C,
“譬如一只手，如果从身体上割下来，按照名称虽仍然可叫做手，但按照实质来说，已不是手了。”“只有作为有机体的一部分，手才获得它的地位。”这两句话体现了唯物辩证法关于(     ),整体是由部分组成的观点,部分不能离开整体的观点,部分反作用于整体的观点,整体是各个部分的总和的观点,B,
“旧唯物主义是半截子的唯物主义”，这是指(     ),旧唯物主义是形而上学的唯物主义,旧唯物主义在社会历史观上是唯心主义,旧唯物主义是机械唯物主义,旧唯物主义是割裂了运动与静止的辩证法,B,
否定之否定规律揭示了(     ),事物的发展是必然性和偶然性的统一,事物的发展是量变和质变的统一,事物的发展是前进性和曲折性的统一,矛盾是事物发展的动力和源泉,C,
有一首童谣说：“钉子缺，蹄铁卸；蹄铁卸，战马蹶；战马蹶，骑士绝；骑士绝，战事折；战事折，国家灭。”它包含的哲学道理是(     )。,事物是发展变化的,事物是普遍联系的,事物的现象是本质的表现,事物的量变引起质变,B,
(     )实现了马克思主义唯物辩证法的辩证思维方法与现代科学思维方法的结合,归纳与演绎,分析与综合,科学发展观,抽象与具体,C,
马克思主义哲学与唯心主义哲学、旧唯物主义哲学的根本区别在于(     ),坚持人的主体地位,坚持用辩证发展的观点去认识世界,坚持物质第一性、意识第二性,坚持从客观的物质实践活动去理解现实世界,D,
被恩格斯称为“包含着新世界观的天才萌芽的第一个文件”是(     ),《关于费尔巴哈的提纲》,《1844年经济学哲学手稿》,《资本论》,《共产党宣言》,A,
割裂事物发展的前进性和曲折性的统一，会导致(     ),激变论和庸俗进化论的错误,唯理论和经验论的错误,循环论和直线论的错误,机械决定论和唯心主义非决定论的错误,C,
马克思主义哲学产生以前不曾存在(     ),唯物主义和唯心主义的斗争,辩证法和形而上学的斗争,可知论和不可知论的斗争,系统的唯物史观和唯心史观的斗争,D,
现代科学思维方法与辩证思维方法的关系是(     ),现代科学思维方法是低级的，辩证思维方法是高级的,现代科学思维方法是科学的，辩证思维方法是诡辩术,现代科学思维方法与辩证思维方法是完全不同的两个东西,后者是前者的基础和原则，前者是后者的深化和展开,D,
中国明代的王守仁认为“一念发动处，便是行了”。这是一种(     ),主观唯心主义实践观,客观唯心主义实践观,旧唯物主义实践观,庸俗唯物主义实践观,A,
彻底的唯物主义一元论的根本要求是(     ),承认世界是多样的统一,承认物质对意识的根源性,坚持一切从实际出发,反对一切形式的二元论,C,
中国古代哲学家荀子说：“心不使焉，则白黑在前而目不见，雷鼓在侧而耳不闻。”这段话表明人的意识具有(     ),客观性,能动性,对象性,任意性,B,
下列各项属于因果联系的是(     ),风来雨至，电闪雷鸣,冬去春来，夏尽秋至,摩擦生热，热胀冷缩,夜尽昼至，昼尽夜来,C,
辩证法的否定即“扬弃”，它的含义是指(     ),抛弃,事物中好的方面和坏的方面的组合,纯粹的否定,既克服又保留,D,
否定之否定规律是在事物(     ),发展经过一次辩证否定后表现出来的,由可能性变为现实性的过程中表现出来的,经过量变向质变的转化后表现出来的,发展经过两次否定表现出来的,D,
建设社会主义先进文化，对传统文化必须批判地继承。这种态度依据的哲学道理是(     ),辩证的否定观,新事物必然战胜旧事物的原理,世界是过程集合体的原理,量变是质变的必要准备的原理,A,
历史唯物主义的创立，使马克思主义哲学在内容上实现了(     ),唯物主义和辩证法的统一,唯物辩证的自然观和历史观的统一,世界观和方法论的统一,理论和实践的统一,B,
爱因斯坦说：“哲学可以被认为是全部科学之母”，这说明(     ),哲学是“科学之科学”,哲学对自然科学的研究有指导意义,哲学是自然科学的基础,哲学是自然科学的概括,B,
下列选项中，属于内容与形式关系的是(     ),世界观与方法论的关系,哲学与具体科学的关系,实践与理论的关系,国体与政体的关系,D,
列宁指出：“如果要开一张包治百病的丹方，或者拟定一个适用于一切情况的一般准则……那是很荒谬的。”其荒谬在于违背了(     ),任何事物都包含矛盾的原理,不同的矛盾只能用不同的方法解决的原则,矛盾的普遍性存在于特殊性之中的原理,矛盾双方在一定条件下相互转化的原理,B,
“天不变，道亦不变”的观点属于(     ),唯物主义的观点,唯心主义的观点,辩证法的观点,形而上学的观点,D,
“不积跬步，无以至千里；不积小流，无以成江海。”这里强调的是(     ),量变是质变的前提,质变和量变相互渗透,质变体现量变的成果,质变为新的量变开拓道路,A,
是否承认思维和存在具有同一性，是区分(     ),唯物主义与唯心主义的标准,辩证法与形而上学的标准,可知论与不可知论的标准,客观唯心主义与主观唯心主义的标准,C,
新事物之所以必然战胜旧事物，从根本上说是由于新事物(     ),是在旧事物之后产生的,具有旧事物所没有的新形式,具有旧事物所没有的新内容,较旧事物更符合事物发展的必然趋势,D,
人的存在方式是(     ),思维,实践,语言,交往,B,
恩格斯在《自然辩证法》中指出：“实物、物质无非是各种物的总和，而这一概念就是从这一总和中抽象出来的”。恩格斯对物质范畴的定义是通过(     ),物质与意识的关系界定的,个别与一般的关系界定的,哲学与具体科学的关系界定的,认识与实践的关系界定的,B,
下列各项包含矛盾双方相互依存相互转化的辩证法思想的是(     ),千里之行，始于足下,千里之堤，溃于蚁穴,月晕而风，础润而雨,物极必反，相反相成,D,
古希腊哲学家克拉底鲁否认相对静止的存在，认为世界万物像一阵旋风，瞬息万变，不可捉摸。这是一种(     ),相对主义诡辩论观点,形而上学观点,唯物辩证法观点,庸俗唯物主义观点,A,
人类意识产生的决定性因素是(     ),环境的变化,高等动物的产生,生物的进化,社会性劳动,D,
中国特色社会主义进入新时代，我国社会主要矛盾已经转化为人民日益增长的(    )需要和(    )的发展之间的矛盾。,美好生活不充分不平衡,幸福生活不平衡不充分,幸福生活不充分不平衡,美好生活不平衡不充分,D,
必须认识到，我国社会主要矛盾的变化，没有改变我们对我国社会主义所处历史阶段的判断，我国仍处于并将长期处于____的基本国情没有变，我国是世界最大发展中国家的国际地位没有变。,社会主义阶段,社会主义初级阶段,社会主义中级阶段,社会主义高级阶段,B,
(     )是实现社会主义现代化、创造人民美好生活的必由之路。,中国特色社会主义道路,中国特色社会主义理论体系,中国特色社会主义制度,中国特色社会主义文化,A,
发展是解决我国一切问题的基础和关键，发展必须是科学发展，必须坚定不移贯彻(     )的发展理念。,创新、协调、绿色、开放、共享,创造、协调、生态、开放、共享,创新、统筹、绿色、开放、共享,创造、统筹、生态、开放、共享,A,
"""马者所以命形也：白者所以命色也。命色者非命形也，故曰白马非马。""从唯物辩证法的观点看，""白马非马""这一命题的错误在于(     )",颠倒了事物形态和功能之间的关系,割裂了事物共性和个性之间的联系,混淆了事物内容和形式之间的区别,模糊了事物本质和现象之间的联系,C,
实践之所以是检验真理的唯一标准，就实践自身的特点而言，因为（   ）,它是对人类有用的活动,它是多数人参加的活动,它是具有主观性的活动,它是具有直接现实性的活动,D,
根据认识的发展规律，在认识的“熟知”、“真知”问题上正确的观点（   ）,熟知即真知,熟知不等于真知,熟知起源于真知,熟知必然转化成真知,B,
检验认识真理性的唯一标准是（   ）,多数人的意志,先进思想,社会实践,逻辑推理,C,
坚持真理的客观性是真理观上的（   ）,唯物主义,唯心主义,形而上学,机械论,A,
真理的绝对性是指真理的（   ）,不变性、永恒性,无条件性、无限性,唯一性、不变性,根本性、无限性,B,
绝对性真理和相对性真理是（   ）,两种完全不同的真理,有着固定不变的界限,两种完全相同的真理,任何一个真理都具有的两种属性,D,
实践标准之所以具有不确定性，是因为（   ）,每个人的实践都不相同,实践对真理的检验都具有历史性,实践的形式是多种多样的,实践是人的有意识有目的的活动,B,
主观和客观、认识和实践的统一是（   ）,具体的历史的统一,抽象的不变的统一,本质和现象的统一,必然和偶然的统一,A,
造成认识过程反复性和无限性的原因是（   ）,人们的认识欲望是无止境的,人的认识能力是有限度的,事物的本质是深刻的,主客观条件限制和物质世界的无限性,D,
在真理问题上，旧唯物主义和辩证唯物主义的根本区别在于是否承认（   ）,真理是主观和客观相符合,真理的客观性,真理的辩证法,物质世界的可知性,C,
“人的智力是按照人如何改造自然界而发展的。”这句话说明（   ）。,实践是认识的来源,实践是认识的动力,人的认识具有主观能动性,人具有改造自然的能力,B,
经验论的错误表现在于（   ）。,经验是第一性的,否认世界是可以认识的,夸大了感性认识在认识中的作用,强调了精神的作用,C,
“物质的抽象，自然规律的抽象，价值的抽象以及其他等等，一句话，一切科学的抽象，都更深刻，更正确，更完全地反映着自然。”这一论断说明（   ）,感性认识和理性认识既有区别又有联系,理性认识是对事物本质规律的认识,抽象的东西是深刻的、正确的,感性认识有待于上升到理性认识,B,
评价性的认识与知识性的认识的不同之一在于（   ）,前者以价值关系为反映内容，后者以客体本身状况为反映内容,前者以客体本身状况为反映内容，后者以价值关系为反映内容,前者获得的是感性认识，后者获得的是理性认识,前者获得的是理性认识，后者获得的是感性认识,A,
价值评价是（   ）,感性的认识活动,关于价值现象的认识活动,理性的认识活动,关于对象的属性和规律的认识活动,B,
人们在实践中所必须遵循的、反映实践对象的客观规律和本质的正确认识，是实践的（   ）,唯一尺度,价值尺度,真理尺度,客观尺度,C,
“感觉到了的东西，我们不能立刻理解它，只有理解了的东西，才能更深刻地感觉它”，这一观点说明（   ）。,感性认识是整个认识的起点,感性认识存在着局限性,感性认识对人认识事物本质没有实际意义,感性认识是认识的高级阶段，理性认识是认识的初级阶段,B,
否认理性认识来源于感性认识，这是认识论中的（   ）,唯心主义,唯物主义,辩证法,形而上学,A,
“听其言必责其用，观其行必求其功。”这种观点是（   ）。,强调认识对实践的作用,强调实践对认识的检验作用,认为认识可以脱离实践,认为实践可以脱离认识,B,
辩证唯物主义认识论在本质上是（   ）。,反映论,经验论,科学实验,处理社会关系的能动的活动,A,
坚持真理尺度和价值尺度的辩证统一，要求我们在实践中必须坚持和弘扬（   ）,探索精神和诚实精神,精益求精的精神和献身精神,务实精神和奋斗精神,科学精神和人文精神,D,
“人的感官是人认识外界事物的天然界限”，这种观点是（   ）,经验论,唯物论,不可知论,反映论,C,
对于任何价值评价的主体而言，正确的价值评价只能是（   ）,与主体及其需要相符合的价值评价,与主体的具体特点相符合的价值评价,与主体的客观状态相符合的价值评价,与人民、人类整体的利益相一致的价值评价,D,
正确理解主客体关系的关键在于（   ）,物质第一性的观点,意识第一性的观点,实践的观点,辩证的观点,C,
马克思主义认为，主体的认识和实践活动的中介是(   ),认识与实践的过程,认识与实践的结果,对实践结果的反馈,工具、手段和程序方法,D,
在中国，为了治疗疾病，古代就产生了中医学。这说明（   ）,认识产生于实践的需要,认识是实践的目的,实践是检验认识的标准,实践是认识的本质,A,
价值观是人们关于价值本质的认识以及对人和事物的评价标准、评价原则和评价方法的观点的体系。它与世界观和人生观是（   ）,完全相同的,完全不同的,一致的,不一致的,C,
“当一位杰出的老科学家说什么是可能的时候，他差不多总是对的；但当他说什么是不可能的时候，他差不多总是错的。”这一名言的哲学意蕴是（   ）,在科学研究中，经验是不可靠的,事物的可能性是因人而异的,世界上一切事物只有可能性，没有不可能性,每代人所获得的真理性认识，既有绝对性，又有相对性,D,
“在实践基础上的理论创新是社会变革的先导”这一命题(   ),夸大了认识对实践的反作用,强调了认识对实践的决定作用,强调了认识对实践的能动作用,低估了实践对认识的决定作用,C,
价值评价作为实践活动的目标，它要求实践活动必须努力朝着满足主体需要的方向行进。这体现了价值评价的（   ）,制约功能,导向功能,激励功能,促进功能,B,
在平面中三角形内角和等于180°但在球面中，三角形内角和大于180°，在凹面中内角和小于180°。这说明(   ),真理具有绝对性,真理具有相对性,真理具有客观性,真理具有全面性,B,
“熟知不等于真知”这句谚语表明(   ),感性认识高于理性认识,感性认识和理性认识相互依存,感性认识和理性认识互相渗透,感性认识和理性认识在内容和形式上有质的区别,D,
在感性认识和理性认识的关系上，唯理论的错误在于(   ),把感性认识和理性认识等同起来,夸大理性认识的重要性，否认或轻视感性认识的作用,夸大感性认识的重要性，否认或轻视理性认识的作用,认为感性认识是可靠的，理性认识是不可靠的,B,
“从物到感觉和思想”与“从思想和感觉到物”的对立属于(   ),辩证法和形而上学的对立,经验论和唯理论的对立,唯物主义反映论和唯心主义先验论的对立,能动的革命的反映论和直观的被动的反映论的对立,C,
恩格斯说：“人的智力是按照人如何学会改变自然界而发展的。”它强调的是(   ),实践是认识的来源,实践是认识发展的动力,实践是认识的目的,实践为认识提供可能性,B,
当我们在书中看到动物、植物等某一个具体概念时，就会在大脑中立即出现一个感性的形象与此概念相对应，这表明(   ),感性认识和理性认识相互渗透,感性认识和理性认识相互转化,概念是思维的细胞和推理的工具,感性认识是理性认识的前提和基础,A,
“真理是时间的女儿，不是权威的女儿”。这句名言指(   ),真理和权威是相互排斥的,真理要靠历史和实践的检验,真理和权威是相互联系的,只有服从真理才具有权威,B,
主体和客体的关系，从根本上说是(   ),认识关系和实践关系,认识和被认识的关系,反映和被反映的关系,主观和客观关系,A,
“书是人类进步的阶梯”，这句话强调的是(   ),直接经验的作用,间接经验的作用,感性认识的作用,理性认识的作用,B,
感性认识和理性认识是辩证统一的，统一的基础是(   ),认识,运动,实践,世界,C,
十月革命胜利后列宁指出：“对俄国来说，根据书本争论社会主义纲领的时代已经过去了，我深信已经一去不复返了。今天只能根据经验来谈社会主义。”对这句话的正确理解是（       ）,社会主义建设不需要任何纲领,应该在实践中不断丰富、发展社会主义理论,除了俄国，其他国家可以根据书本设计社会主义纲领,对社会主义的认识应该由经验代替理论,B,
“世人闻秋悲寂寥，我道秋日胜春朝。晴空一鹤排云上，便引诗情到碧霄。”从唯物论的角度看，这首诗表明(   ),诗人积极向上的人生观,事物是不断运动变化发展的,人们对同一事物的反映是有差别的,实践是认识的来源，认识反作用于实践,C,
实践是检验真理的根本标准，这是因为（   ）,实践具有社会历史性,实践是人们的有目的的活动,实践不仅具有普遍性的优点，而且具有直接现实性的优点,实践是马克思主义认识论的基本特征,C,
认识的主体是在实践中从事活动的人。认识主体的本质属性是(   ),自然性,社会性,实践性,主观性,B,
“单凭观察所得的经验，是决不能充分证明必然性的。这是如此正确，以至于不能从太阳总是在早晨升起来判断它明天会再升起。”恩格斯这段话的含义是（       ）,感性认识有待于上升为理性认识,感性认识是完全不可靠的,必然性的证明与感性经验毫无关系,归纳方法是无用的,A,
马克思主义哲学所说的主体是(   ),具有思维能力的人,能够适应环境的人,具有创新能力的人,从事社会实践的人,D,
理性认识的特点是（   ）,对感性认识的综合,与客观事物无关的人的自由创造物,通过感觉器官对客观事物的直接把握,借助于抽象思维达到的对事物本质的把握,D,
“历史是逻辑的基础，逻辑是历史的修正”，这一观点是（   ）,主观唯心主义的观点,片面强调逻辑重要性的观点,历史的与逻辑的相统一的观点,对逻辑和历史关系的割裂,C,
主体和客体相互作用的实质是(   ),人与物的关系,手段与目的的关系,物质与精神的关系,主体和客体之间的限定与超越关系,D,
任何科学理论都不能穷尽真理，而只能在实践中开辟认识真理的道路，这说明真理具有（   ）,客观性,绝对性,相对性,全面性,C,
宋代诗人陆游在一首诗中说“纸上得来终觉浅，绝知此事要躬行”。这是在强调（   ）,实践是认识发展的动力,实践是认识的最终目的和归宿,实践是认识的来源,学习获得的间接经验并不重要,B,
有人认为只有写到书本上的理论才是真实可靠的，便不顾实际情况，生搬硬套书本上的理论。这犯了（   ）,唯心主义先验论的错误,直观被动反映论的错误,教条主义的错误,经验主义的错误,C,
马克思主义认为，主客体之间的价值关系是指（   ）,主体对客体的物质欲望和要求,主体对客体的能动反映,主体对客体的改造和变革的结果,客体对于主体的有用性和效益性,D,
恩格斯指出“人的思维的最本质和最切近的基础，正是人所引起的自然界的变化，而不单独是自然界本身。”这里的“基础”指的是（   ）,实践,认识,价值,感觉,A,
只有音乐才能激起人的音乐感；对于没有音乐感的耳朵说来，最美的音乐也毫无意义。这表明(   ),人的认识是主体与客体相互作用的过程和结果,人的感觉能力决定认识的产生和发展,人的认识能力是由人的生理结构决定的,事物因人的感觉而存在,A,
“真理是思想形式，是人类经验的组织形式”，这是(   ),主观真理论,客观真理论,形而上学真理论,辩证唯物主义真理论,A,
真理与谬误之间的相互关系是（   ）,在任何情况下都是绝对对立的,没有相互转化的可能性,在一定条件下可以互相转化,两者之间没有原则区别,C,
实践基础上的（   ）是社会发展和变革的先导。,科学创新,文化创新,理论创新,技术创新,C,
感性认识和理性认识的区别是（   ）,感性认识是可靠的，理性认识是不可靠的,感性认识来源于实践，理性认识来源于书本,感性认识是对现象的认识，理性认识是对本质的认识,感性认识来源于直接经验，理性认识来源于间接经验,C,
马克思认为：“人的思维是否具有客观的真理性，这不是一个理论的问题，而是一个实践的问题。人应该在实践中证明自己思维的真理性，即自己思维的现实性和力量，自己思维的此岸性。”这说明（   ）,实践产生了认识的需要,实践为认识提供了可能,实践使认识得以产生和发展,实践是检验认识真理性的唯一标准,D,
列宁说：“没有革命的理论，就不会有革命的行动”，这一命题的含义是（   ）,革命理论比革命行动更重要,革命运动是革命理论的派生物,革命理论对革命实践具有指导作用,革命理论最终决定革命运动的成败,C,
“以为只有诗人才需要想像，这是没有道理的，这是愚蠢的偏见！甚至在数学上也需要想像，甚至微积分的发现没有想象也是不可能的”。这表明（   ）,想像是获得认识的基础,想像对主体认识活动有诱导作用,想像在认识活动中起决定性作用,想象属于认识过程中的理性因素,B,
毛泽东曾经说过：“你要有知识，你就得参加变革现实的实践。你要知道梨子的滋味，你就得变革梨子，亲口吃一吃。你要知道原子的组织同性质，你就得实行物理学和化学的实验，变革原子的情况。你要知道革命的理论和方法，你就得参加革命。”这说明（   ）,实践是认识的来源,实践是认识发展的动力,实践是检验认识的标准,实践是认识的目的和归宿,A,
“真理是在认识过程本身中，在科学的长期的历史发展中，而科学从认识的较低阶段向越来越高的阶段上升，但是永远不能通过所谓绝对真理的发现而达到这样一点，在这一点上它再也不能前进一步，除了袖手一旁惊愕地望着这个已经获得的绝对真理，就再也无事可做了。”这一观点（   ）,是不可知论的观点,肯定了真理的辩证性,否定了真理的绝对性,否定了真理的相对性,B,
实践的中介是（   ）,各种形式的工具、手段及其运用的程序和方法,对一事物存在和发展有联系的各种要素的总和,构成事物一切要素的总和,受命于主观，见之于客观的活动,A,
实践的客体是（   ）,绝对精神的对象化,客观物质世界,人的意识的创造物,进入主体的认识和实践范围的客观事物,D,
列宁说：“只要再多走一小步，仿佛是向同一方向迈的一小步，真理便会变成错误。”这说明（   ）,真理与谬误没有严格的界限,真理与谬误可以相互转化,真理与谬误在性质上并无根本对立,真理与谬误可以随时转化,B,
实践的主体是（   ）,绝对精神,具有思维能力、从事社会实践和认识活动的人,人,人的意识,B,
“真理是人造的供人使用的工具”的看法是（   ）,主观唯心主义,客观唯心主义,辩证唯物主义,机械唯物主义,A,
真理和谬误的界限在于（   ）,是否符合人的利益和愿望,是否符合马克思主义,是否反映了客观事物的本质和规律,是否为大多数人所接受,C,
古希腊哲学家说：没有理性，眼睛是最坏的见证人。这一观点（   ）,揭示了感性认识是整个认识过程的起点,揭示了感性认识和理性认识的辩证统一,认为理性认识可以脱离感性认识而存在，是错误的观点,强调理性认识的重要作用，完全否认了感性对认识的作用,B,
恩格斯指出“人在怎样的程度上学会改变自然界，人的智力就在怎样的程度上发展起来。”这句话说明（   ）,实践是认识的来源,实践是认识的动力,人的认识具有主观能动性,人具有改造自然的能力,B,
“人们对真理的认识就像登山运动员登山一样，每登高一步，就接近顶峰一步。与登山不同的是，人们永远不可能达到真理的顶峰。”对这句话分析正确的是（   ）,它揭示了真理的客观性,它揭示了真理发展的过程性,它否认了人的认识能力,它否认了真理的绝对性,B,
列宁指出：“物、世界、环境是不依赖于我们而存在的。我们的感觉、我们的意识只是外部世界的映象。”表明一切唯物主义认识论都是（   ）,选择论,反映论,建构论,创造论,B,
恩格斯指出社会一旦有技术上的需要，这种需要就会比十所大学更能把科学推向前进。这说明（   ）,实践是认识的目的和归宿,实践是检验认识的惟一标准,所有科学的成果都直接来源于实践的需要,实践是认识发展的动力,D,
我国著名数学家华罗庚说：“科学上没有平坦的大道，真理长河中有无数礁石和险滩，只有不畏攀登的采药者，只有不怕巨浪的弄潮儿，才能登上高峰采得仙草，深入水底觅得骊珠。”从哲学上讲，这段话包含的思想是（   ）,非理性因素是人的重要认识能力,科学需要创新才能发展,意志对人的认识的进行是一种重要的支撑力量和推动力量,科学创新是理性因素和非理性因素综合作用的结果,C,
马克思在《关于费尔巴哈的提纲》中指出：“从前的一切唯物主义的主要缺点是：对对象、现实、感性，只是从客体的或者直观的形式去理解，不是从主体方面去理解。”辩证唯物主义克服了旧唯物主义的缺点，认为认识是（   ）,主体对各种认识要素的建构,主体通过实践对客体的能动反映,主体对客体本质的内省,主体对客体信息的选择,B,
康德主张知识的形式是头脑里固有的；孟子认为有“不学而能”的“良能”和“不虑而知”的“良知”。柏拉图认为认识是对神秘理念的回忆。上述观点属于（   ）,不可知论的观点,唯物主义认识论的观点,唯心主义认识论的观点,主观唯心主义认识论的观点,C,
“公说公有理，婆说婆有理”与“仁者见仁，智者见智”这两种说法（   ）,都是对客观真理的否定,都揭示了真理是主观的,前者是对客观真理的否定，后者揭示了认识主体的差别性,前者揭示了认识主体的差别性，后者是对客观真理的否定,C,
生于南美洲茂密森林中的西红柿曾被称为“狼桃”。到了16世纪，英国人佛罗达拉里公爵在旅行期间发现了它，并带回几株种在英国皇家花园里，供皇家贵族观赏。到18世纪，法国有一位画家决心以身试“柿”，看其是否有毒。有记载说，这位勇敢的画家在吃西红柿之前穿戴整齐，吃完之后就躺在床上等着上帝的“召见”。结果，他不但没有死去，也没有任何不适。于是人们才知道西红柿原来是可以吃的。这表明（   ）,实践是认识发展的动力,实践是认识的来源,实践是检验认识的标准,实践是认识的目的和归宿,B,
下列情况哪个是实现由理论向实践飞跃的条件（   ）,理论必须为群众所掌握,严格按照理论办事,理想与现实要相结合,要实现集体领导,A,
对一个复杂事物的正确认识往往需要经过（   ）,由感性认识到理性认识，再由理性认识回到感性认识,由感性认识到理性认识，再由理性认识回到实践的两次飞跃,由实践到认识，由认识到实践地一次完成,由实践到认识，由认识到实践的多次反复,D,
感性认识和理性认识统一的基础是（   ）,抽象思维,辩证思维,正确认识,社会实践,D,
理性认知的特点是（   ）,主观性、具像性,生动性、科学性,抽象性、间接性,形象性、直接性,C,
人的任何意识都是对客观世界的（   ）,虚幻反映,歪曲反映,主观反映,正确反映,C,
真理的绝对性是指它的（   ）,具体性,客观性,终极性,全面性,B,
强调理性认识依赖于感性认识，这是因为（   ）,理性认识和感性认识都根源于实践,理性认识与实践的关系是间接的,没有感性认识就不会有理性认识,理性认识还有缺陷和不足,C,
实现由感性认识上升到理性认识的进程，必须具备（   ）,善于抽象思维和创造性思维的能力,丰富和合乎实际的感性材料的积累,丰富而真实的感性材料和辩证思维方法,勇于实践，深入调查，虚心请教别人,C,
强调感性认识必须上升到理性认识，这是（   ）,认识论的辩证法,认识论的唯物论,认识论的唯理论,认识论的经验论,A,
“进行社会主义现代化建设必须尊重知识，尊重人才”。这一思想体现的辩证唯物主义认识论的原理是（   ）,理性认识依赖于感性认识,认识具有反复性、无限性和上升性,科学理论对实践有指导作用,理论来源于实践,C,
感性认识的基本形式是（   ）,概念、判断、推理,感觉、知觉、表象,抽象性、间接性,形象性、直接性,B,
生产实践的巨大发展，“不但提供了大量可供观察的材料， 而且自身也提供了和以往完全不同的实验手段，并使新的工具的设计成为可能。可以说，真正有系统的实验科学这时才成为可能。”这段论述表明（   ）,实践为认识提供了可能,实践产生了认识的需要,实践使认识得以产生和发展,实践是检验真理的标准,A,
“对客观事物的反映即是真理”这是（   ）,混淆了真理性认识与一般认识的错误观点,辩证唯物主义的真理观,一切唯物主义的真理观,混淆了真理的客观性与规律客观性,A,
非理性因素主要是指（   ）,感觉、知觉、表象等意识形式,概念、判断、推理等意识形式,感性和直观等意识形式,情感、意志、习惯、本能等意识形式,D,
强调感性认识必须上升到理性认识，这是因为（   ）,感性认识和理性认识都根源于实践,理性认识把握事物的外部联系，可以指导实践,离开理性认识就不会有感性认识,感性认识没有把握事物本质，不能指导实践,D,
真理的内容是（   ）,以个人的意志去为转移的,以人类的意志为转移的,以阶级的意志为转移的,不以任何人、人类或阶级的意志为转移的,D,
理性认识反映事物的（   ）,表面联系,本质联系,直观联系,外部联系,B,
从认识到实践是认识过程的第二次能动的飞跃。它的作用在于（   ）,能改造世界和检验理论,能认识世界和解释世界,能认识实践和指导实践,能认识世界和检验理论,A,
马克思主义认识论的首要的基本观点是（   ）,客观实在性的观点,主体性的观点,反映的观点,实践的观点,D,
实践作为检验真理的标准，既是确定的又是不确定的，其不确定性是因为（   ）,有些真理是根本无法通过实践来加以检验的,任何实践检验都需要一定的逻辑证明作为其补充的手段,作为检验真理标准的社会的实践总要受到历史条件的限制,不同的人、不同的阶级各有其不同的实践标准,C,
辩证唯物主义认识论认为，认识是主体对客体的能动反映。这种能动反映具体的特点是（   ）,摹写性和深刻性,创造性和新颖性,新颖性和深刻性,摹写性和创造性,D,
实践之所以是检验真理的唯一标准是由（   ）,实践的历史性和不确定性决定的,实践的有条件性和相对性决定的,真理的本性和实践的特点决定的,真理的相对性和绝对性决定的,C,
一切真知都来源于（   ）,间接经验,社会实践,人的意识,客观事物,B,
直接经验和间接经验的关系是（   ）,第一性和第二性的关系,认识的“源”和“流”的关系,主观和客观的关系,绝对和相对的关系,B,
真理的相对性是指真理的（   ）,可变性、多元性,有条件性、有限性,暂时性、多样性,不稳定性、多变性,B,
感性认识反映事物的（   ）,内部联系,本质联系,全部联系,外部联系,D,
“知屋漏者在宇下，知政失者在草野。”这一古训蕴含的哲理是(   ),感性认识高于理性认识,直接经验比间接经验更重要,人的经验是判断是非得失的根本尺度,人民群众的直接经验即实践是认识的重要基础,D,
人类获得知识的途径是（   ）,只要参加实践,只要刻苦读书,既要参加实践又要认真读书,依靠灵感和机遇,C,
真理是（   ）,在现有知识条件下的正确认识,永恒不变的正确认识,客观规律,对客观事物及其规律的正确认识,D,
“从生动的直观到抽象的思维，并从抽象的思维到实践”，这就是（   ）,认识真理的辩证途径,直观真理的辩证途径,认识客观实在的客观途径,直观客观实在的辩证途径,A,
“理论一定要随着实践的发展而发展，才能和变化了的客观实际相符合”。这句话表明(   ),真理不是绝对的而是相对的,人们的认识能力是有限的,理论和实践是具体、历史的统一,感性认识有待于发展到理性认识,C,
列宁说：“任何真理如果把它说得过火……加以夸大，把它运用到实际所能应用的范围以外去，便可以弄到荒谬绝伦的地步，而且要这种情形下，甚至必然会变成荒谬绝伦的东西。”这句话揭示了真理和谬误相伴而生。真理和谬误的根本区别在于(   ),是否符合人们的利益和愿望,是否经得住思想的批判,是否与客观实际相符合,是否为大多数人所接受,C,
认识过程的反复性是指要经过实践——认识——再实践——再认识的多次反复，这是因为(   ),事物本身的复杂性,认识本身的复杂性,人类认识能力的有限性,事物矛盾的暴露有个过程,D,
价值评价的认识对象是(   ),价值主体的主观需要,价值客体的结构和功能,主客体之间的价值关系,主客体之间的依赖关系,C,
我们通过眼、耳、鼻、舌、身各种感官感觉到一个梨子的各种属性，在意识中把它们联系起来形成了关于这个梨子的感性形象，这种反映形式是（   ）,感觉,知觉,表象,分析,B,
在灾难面前，所有的人都感到必须要做点什么，这种必须要做点什么的感觉，表现出人们内心有一种通过行动实现自身价值的愿望。5·12大地震，中国因为在救灾中表现的人道主义光芒、勇敢与毅力而赢得了世界的尊敬。玉树地震，救灾再次牵动人心，社会各界在4月20日晚中央电视台举办的募捐晚会募得善款21.75亿元。这表明(   ),人的价值通过能力的大小得到表现,人的价值通过满足个人需要得到表现,人的价值只体现在特定的场合和行为中,人的价值在满足自身和他人的需要得到实现,D,
列宁说：“没有‘人的感情’，就从来没有也不可能有人对于真理的追求”这句话表明了非理性因素的(   ),指导作用,动力作用,诱导作用,激发作用,B,
与经济上的价值范畴不同，哲学上的价值范畴揭示的是(   ),主体客体之间改造和被改造的关系,主体客体之间认识和被认识的关系,主体客体之间反映和被反映的关系,客体以其属性满足主体需要的关系,D,
列宁在谈到检验真理的实践标准时指出：“这个标准也是这样的不确定，以便不至于使人的知识变成绝对，同时它又是这样的规定，以便同唯心主义和不可知论的一切变种进行无情的斗争。”这句话说明(   ),实践不是检验真理的唯一标准,实践标准并不可靠,实践标准并不确定,实践标准是绝对性和相对性的统一,D,
商品是（    ）,具有社会使用价值的物品,为交换而生产的劳动产品,具有使用价值的劳动产品,为他人而生产的劳动产品,B,
通货紧缩的迹象是（    ）,货币供应量增长速度增加，物价普遍上涨,货币供应量增长速度下降，物价普遍下降,货币供应量增长速度增加，物价普遍下降,货币供应量增长速度下降，物价普遍上涨,B,
劳动二重性是指（    ）,死劳动和活劳动,脑力劳动和体力劳动,简单劳动和复杂劳动,具体劳动和抽象劳动,D,
通货膨胀是由于（    ）,货币供应量大大少于货币需要量,货币供应量显著多于货币需要量,货币供应量刚好等于货币需要量,按货币需要量决定货币发行数量,B,
纸币流通规律是（    ）,纸币发行量应等于商品流通中对于金属货币的需要量,纸币发行量应当小于商品流通中对于金属货币的需要量,纸币发行量应当大于商品流通中对于金属货币的需要量,纸币发行量与商品流通对金属货币的需要量无关,A,
在资本主义制度下，资本家与劳动者之间的关系是（    ）,平等互利的关系,资本雇佣劳动的关系,劳动雇佣资本的关系,互利互惠的关系,B,
商品的二因素是（    ）,使用价值和交换价值,交换价值和价值,价值和使用价值,费用和效用,C,
下列说法是错误的是（    ）,使用价值是商品的社会属性，价值是商品的自然属性,私人劳动和社会劳动的矛盾，是商品经济的其他一切矛盾的基础,商品经济是以交换为目的的经济形式，交换体现了商品经济的本质,商品的交换是以货币为媒介的,A,
货币在执行某种职能时，可以是观念上的货币，而不必是现实的货币，这种情况属于（    ）,价值尺度职能,流通手段职能,贮藏手段职能,支付手段职能,A,
剩余价值来源于（    ）,工人的剩余劳动,资本的生产力,大自然的恩赐,资本家的节俭,A,
剩余价值率是（    ）,剩余价值对全部资本之比,剩余劳动时间/必要劳动时间,剩余劳动/全部劳动,三种说法都对,B,
某消费者在下列经济行为中，不属于货币执行支付手段职能的是（    ）,购买商品房，合同约定房价30万元,按合同约定，第二年房款10万元,缴纳房屋契税9000元,支付车库租金200元 ,A,
资本流通的目的是（    ）,获取使用价值,发展社会经济,获取消费资料,实现价值增值,D,
价值规律是通过商品交换中价格围绕价值上下波动表现出来的。这说明（    ）,必然性通过偶然性为自己开辟道路,必然性可以转化为偶然性,事物的发展是由量变向质变转变的过程,事物的发展是由可能性向现实性转化的过程,A,
可变资本是（    ）,劳动力,工资,资本家为购买劳动力支付的货币,可随产量变化的成本,C,
在商店里出售的各种商品，都有价格标签。这些价格标签表明货币是在（    ）,充当流通手段的职能,发挥支付手段的职能,执行价值尺度的职能,作为社会财富的代表,C,
资本家提高劳动生产率的直接目的是（    ）,生产绝对剩余价值,生产相对剩余价值,降低劳动力价值,获取超额剩余价值,D,
恩格斯指出：“只有通过竞争的波动，从而通过商品价格的波动，商品生产的价值规律才能得到贯彻，社会必要劳动时间决定商品价值这一点才能成为现实。”下列对恩格斯这段话理解错误的是（    ）,只有通过竞争和价格波动，由社会必要劳动时间决定的价值才能实现,只有通过竞争和价格波动，商品才能实现等价交换,只有通过竞争和价格波动，价值规律才能表现出来,只有通过竞争和价格波动，价值才能决定价格,D,
价值规律在社会主义市场体系中的作用范围是（    ）,只对消费品市场起作用,只对资金市场和劳务市场起作用,对技术市场、信息和房地产市场不起作用,对各种市场都起作用,D,
货币的本质（    ）,商品交换的媒介物,商品价值的一般等价物,商品的等价物,商品相对价值形式,B,
资本主义国家的选举的实质是（    ）,资产阶级和无产阶级分权,每个公民都能通过竞选参与政治活动，表达自己的愿望和要求,协调统治阶级内部利益关系和矛盾的重要措施,人民当家作主,C,
两种不同的商品可以按一定比例互相交换的原因在于，它们（    ）,有不同的使用价值,都是具体劳动的产物,对人们有共同的效用,在生产中都耗费了一般人类劳动,D,
交换价值是一种使用价值和另一种使用价值相交换的量的关系或比例，它的基础或内容是（    ）,商品,货币,使用价值,价值,D,
在市场上，一台液晶电视的标价是12000元，此时执行价值尺度职能的货币是（    ）,实在的货币,信用货币,观念上的货币,现金,C,
理解马克思主义政治经济学的枢纽是（    ）,剩余价值学说,生产价格理论,劳动二重性学说,劳动力商品理论,C,
马克思说：“一切商品对它们的所有者是非使用价值，对它们的非所有者是使用价值。”这句话可以理解为（    ）,商品不可能既有使用价值又有价值,商品所有者同时获得使用价值和价值,使用价值是商品的本质属性,商品在出卖时使用价值和价值是必须分开的,D,
商品的二因素是对立统一的，这对矛盾的解决有赖于（    ）,劳动生产率的不断提高,货币的出现并充当交换媒介,商品交换的实现,商品物质实体的消亡,C,
当农业受灾，导致农业劳动生产率下降时，同一劳动在单位时间里（    ）,生产的使用价值量减少而单位产品的价值量增加,生产的使用价值量减少而单位产品的价值量也减少,价值量增加而单位产品的价值量增加,价值量减少而单位产品的价值量减少,A,
商品交换是按照价值量相等的原则进行的。货币出现后，“等价交换”的要求表现为（    ）,交换双方的价值量相一致,交换双方的使用价值量相一致,交换的数量和比例相一致,价格与价值相一致,D,
资本主义政党制度的实质是（    ）,保障工人阶级及其政党参与国家政治生活,支持马克思主义政党独立执政,不受资本主义国家政权的资本主义性质制约,资产阶级选择自己的国家管理者，实现其内部利益平衡的政治机制,D,
社会总产品是指社会各个物质生产部门的劳动者在一定的时期内（通常为一年）所生产出来的全部物质资料的总和。马克思把社会总产品的生产划分为第Ⅰ部类和和第Ⅱ部类的依据是（    ）,社会总产品的价值形式,社会总产品的交换形式,社会总产品的补偿形式,社会总产品的实物形式,D,
剩余价值转化为利润，同时剩余价值率也就转化为利润率。资本主义利润率等于剩余价值与全部预付资本之比。它反映了（    ）,生产资本的增殖程度,预付不变资本的增殖程度,预付可变资本的增殖程度,全部预付资本的增殖程度,D,
在资本主义生产过程中，劳动力商品所创造的全部价值是劳动力自身价值和资本家获得的剩余价值。劳动力价值是借助于（    ）,具体劳动转移到新产品中,抽象劳动转移到新产品中,具体劳动实现了价值增殖,抽象劳动实现了价值增殖,D,
马克思在《资本论》中指出“在一极是财富的积累，同时在另一极，即在把自己的产品作为资本来生产的阶级方面，是贫困、劳动折磨、受奴役、无知、粗野和道德堕落的积累。”这句话揭示了资本积累的一般规律是（    ）,资本有机构成的提高导致了资本主义社会相对过剩人口的形成,随着资本积累的增长，资本有机构成表现出不断提高的趋势,资产阶级财富的积累与工人阶级贫困的积累内在地、本质地、必然地联系在一起,资本积累和资本有机构成提高的过程，就是“机器排斥工人”的过程,C,
资本积累的实质是资本家用无偿占有的剩余价值来扩大生产规模，从而占有更多的剩余价值。资本积累和扩大再生产的关系是（    ）,资本积累是扩大再生产的源泉,扩大再生产是资本积累的源泉,资本积累是扩大再生产的结果,扩大再生产与资本积累没有关系,A,
社会生产是连续进行的，这种连续不断重复的生产就是再生产。社会再生产的核心问题是（    ）,社会总产品各个组成部分的价值补偿问题,社会总产品的实现问题,社会总产品各个组成部分的实物补偿问题,剩余价值的实现问题,B,
马克思认为，剩余价值和“资本不能从流通中产生，又不能不从流通中产生。它必须既在流通中产生又不在流通中产生。”这句话的意思是（    ）,剩余价值可以在流通中产生，也可以在生产中产生,剩余价值既不在流通中产生，也不在生产中产生,剩余价值在生产中产生，但要以流通为条件,剩余价值在流通中产生，但要以生产为条件,C,
（    ）是商品所特有的社会属性,使用价值,价值交换,价值,价格,C,
在资本主义制度下，资本家支付给工人工资。表面看来，好象个人是出卖劳动，工资是劳动的报酬。但是资本主义工资的本质是（    ）,劳动的价值,劳动力的价值或价格,工人全部劳动的报酬,劳动的价格,B,
工资形式对资本主义“具有决定性的重要意义。这种表现形式掩盖了现实关系，正好显示出它的反面。”资本主义工资之所以掩盖了剥削，是由于它（    ）,表现为劳动的价格,是劳动者必要劳动创造的价值,是劳动力的价值,是劳动力的价值或价格的转化形式,A,
马克思说：“一切商品对它们的所有者是非使用价值，对它们的非所有者是使用价值。”这句话表明（    ）,有使用价值的不一定有价值,商品的使用价值是对它的购买消费者而言的,商品所有者同时获得使用价值和价值,商品是使用价值和价值的对立统一,D,
价值规律是商品经济的基本规律，它的作用是通过（    ）,生产者之间的竞争实现的,消费者之间的竞争实现的,生产者和消费者之间的竞争实现的,价格机制、供求机制和竞争机制实现的,D,
资产阶级意识形态的核心是（    ）,文学、艺术和宗教,道德、伦理,政治思想和法律思想,哲学、历史,C,
对“劳动是财富之父，土地是财富之母”这句话正确解释是（    ）,劳动和土地都是价值的源泉,劳动创造使用价值，土地形成价值,劳动是创造价值的外部条件，土地是价值的真正源泉,劳动必须和自然物相结合才能创造出物质财富,D,
资本主义法制的核心是（    ）,民法,宪法,刑法,行政法,B,
超额剩余价值的生产是相对剩余价值生产的前提条件。资本家普遍获得相对剩余价值是由于各个资本家竞相追求超额剩余价值的结果，而超额剩余价值的获得则是（    ）,个别企业靠延长工作日和增加劳动时间的结果,个别企业提高劳动生产率的结果,个别企业劳动生产率高于社会劳动生产率的结果,整个社会劳动生产率提高的结果,C,
资本主义经济危机的实质是（    ）,生产过剩的危机,生产不足的危机,生产相对过剩的危机,生产绝对过剩的危机,C,
最鲜明体现资本主义国家实质的国家职能是（    ）,政治职能,经济职能,社会职能,对外交往职能,A,
在现实的资本主义经济运行中，资本家提高对工人的剥削程度的方法有多种多样。 其中最基本的两种方法是（    ）,绝对剩余价值的生产与超额剩余价值的生产,相对剩余价值的生产与超额剩余价值的生产,绝对剩余价值的生产与相对剩余价值的生产,超额剩余价值的生产与垄断市场和价格,C,
在商品经济中，形成价值的抽象劳动的支出必须借助于（    ）,具体劳动,剩余劳动,商品的生产形式,资本主义生产方式,A,
资本主义经济危机之所以呈现周期性，其原因是（    ）,资本主义基本矛盾,资本主义基本矛盾运动的特点,资本主义的基本矛盾周期性,资本主义再生产的周期性,B,
某资本家工厂共有资本400万元，其中一次生产耗费不变资本100万元，购买劳动力部分为100万元，生产出商品价值300万元。该资本的剩余价值率是（    ）,300%,200%,150%,100%,D,
正确认识价值创造和财富生产的关系，关键是运用（    ）,劳动二重性学说,资本有机构成学说,剩余价值学说,平均利润学说,A,
资本集中最强有力的杠杆是（    ）,资本积聚和资本积累,竞争和剩余价值的资本化,竞争和信用,简单再生产和扩大再生产,C,
商品经济是通过商品货币关系实行等价交换的经济形式，它的基本规律是（    ）,价值规律,剩余价值规律,竞争规律,货币流通规律,A,
生产商品的劳动分具体劳动和抽象劳动，其中具体劳动的作用是创造（    ）,新价值,剩余价值,必然价值,使用价值,D,
货币之所以能执行价值尺度的职能，是因为（    ）,它能衡量其他商品价值的大小,它是社会劳动的产物，本身具有价值,它具有计量单位,它可以是观念上的货币,B,
价值规律发生作用的表现是（    ）,价格等于价值,价格高于价值,价格低于价值,价格由价值决定并受供求关系影响,D,
下列实物形态的资本中，同时属于生产资本、不变资本和固定资本的是（    ）,原料和燃料,辅助材料,机器设备,商业设施,C,
商品生产者要获得更多收益必须使生产商品的（    ）,个别劳动时间等于倍加的社会必要劳动时间,个别劳动时间等于社会必要劳动时间,个别劳动时间大于社会必要劳动时间,个别劳动时间小于社会必要劳动时间,D,
商品的价值是指凝结在商品中的无差别的一般人类劳动。这里所说的没有质的区别的人类劳动是指（    ）,必要劳动,抽象劳动,私人劳动,社会劳动,B,
马克思指出：“商品价格对商品价值的不断背离是一个必要的条件，只有在这个条件下并由于这个条件，商品价值才能存在。”这说明（    ）,商品价值是在价格波动中决定的,商品价格和价值由供求关系决定,商品价格在供求关系影响下围绕价值波动是价值规律发生作用的表现形式,价值是价格的内容和客观基础，价值和供求关系共同决定价格,C,
一只羊=两把斧子，羊和斧子为什么能交换（  ）,都是劳动产品,都有使用价值,都有价值,都有交换价值,C,
价值规律对经济活动的调节是通过（    ）,市场机制的作用完成的,政府的宏观调控完成的,资源的有效配置完成的,提高劳动生产率完成的,A,
生产商品的具体劳动和抽象劳动是（    ）,生产商品的两次不同劳动,生产同一商品的两个劳动过程,生产商品的同一劳动过程的两个方面,不同劳动过程中的两个方面,C,
价值规律是商品生产和商品交换的基本经济规律。价值规律的实现形式是通过（    ）,使用价值和价值的矛盾运动,个别劳动与社会劳动的矛盾运动,价格围绕价值上下波动实现的,按照市场供求状况对资源进行有效配置的结果,C,
一只羊=两把斧子，羊和斧子为什么要交换（  ）,社会分工不同,使用价值不同,价值相同,交换价值相同,B,
社会必要劳动时间是在现有的社会正常生产条件下，在社会平均劳动熟练程度和劳动强度下制造某种使用价值所需要的劳动时间。这个时间是由谁来计算的（    ）,同类商品的生产者之间的竞争中实现的,由行业协会计算的,商品的生产者和消费者之间的竞争中实现的,由政府机构计算的,A,
马克思在劳动价值理论上的贡献在于（    ）,创立了劳动价值论,提出了生产要素参与价值分配的问题,提出了劳动二重性原理,扩展了创造价值的劳动的内容和范围,B,
马克思在研究商品时，之所以考察商品的使用价值，因为使用价值是（    ）,构成财富的物质内容,人类生存、发展的物质条件,满足人们需要的物质实体,商品价值的物质承担者,D,
纸币代替金属货币进行流通是基于货币（    ）,执行价值尺度职能时，可以是想像的货币,执行流通手段职能时，只是瞬间充当买卖媒介,执行贮藏手段职能时，可以随时退出流通,执行支付手段职能时，可以暂时不用现金购买,B,
剩余价值率是（    ）,剩余价值和可变资本的比率,剩余价值和不变资本的比率,剩余价值和预付资本的比率,剩余价值和利润的比率,A,
个别劳动时间长于社会必要劳动时间，抛开其他因素，商品生产者是（    ）,亏本的,不一定是亏是赚,赚钱的,与赚钱和亏本无关,A,
价值规律的内容之一是（    ）,使用价值和价值的统一,个别劳动与社会劳动的统一,商品交换以价值量为基础，实行等价交换,按照市场供求状况对资源进行有效配置,C,
生产商品的劳动，作为人类劳动力在生理学意义上的耗费是（    ）,具体劳动,抽象劳动,必要劳动,剩余劳动,B,
下列说法是错误的是（    ）,使用价值是商品的自然属性，价值是商品的社会属性,私人劳动和社会劳动的矛盾，是商品经济的其他一切矛盾的基础,商品经济是贯穿人类社会始终的经济活动,商品的交换是以货币为媒介的,C,
劳动力的价值是由生产和再生产劳动力所需要的社会必要劳动时间决定的。在劳动力价值的大小是由（    ）,是由劳动力市场的供求关系决定的,是由劳动者身体素质和健康状况决定的,是由劳动者的文化程度和技术水平决定的,是由劳动者维持自己及其家属生存所必须的生活资料的价值决定的,D,
纸币流通规律是（    ）,纸币发行量应等于商品流通中对金属货币的需要量,纸币发行量应大于商品流通中对金属货币的需要量,纸币发行量应小于商品流通中对金属货币的需要量,纸币发行量与商品流通对金属货币的需要量无关,A,
资本家竞相提高个别劳动生产率会有这样一个社会后果（    ）,生产绝对剩余价值,社会劳动生产率提高，生产相对剩余价值,降低劳动价值,获取商品价值,B,
资本是可以带来剩余价值的价值。马克思在研究政治经济学时，把资本按在生产剩余价值过程中的作用不同，划分为（    ）,不变资本和可变资本,固定资本和流动资本,预付资本和不变资本,流动资本和可变资本,A,
下列说法错误的是（    ）,使用价值是由抽象劳动形成的，价值是由具体劳动创造的,私人劳动和社会劳动的矛盾，是资本主义经济的基本矛盾,商品经济是以交换为目的的经济形式，交换体现了商品经济的本质,商品的交换是以货币为媒介的,A,
商品是（    ）,具有社会使用价值的物品,用来交换的劳动产品,具有使用价值的劳动产品,交换成功的劳动产品,B,
下列说法错误的是（    ）,使用价值是商品的自然属性，价值是商品的社会属性,私人劳动和社会劳动的矛盾，是资本主义经济的基本矛盾,商品经济是以交换为目的的经济形式，交换体现了商品经济的本质,商品的交换是以货币为媒介的,B,
在商品生产中，生产资料的价值借助于生产者的（    ）,具体劳动而增值,具体劳动而转移到新产品中去,抽象劳动而增值,抽象劳动而转移到新产品中去,B,
社会必要劳动时间是指在现有的社会正常生产条件下，在社会平均的劳动熟练程度和劳动强度下制造某种使用价值所需要的劳动时间。这种“正常生产条件”是指（    ）,全社会各部门的平均技术装备水平,全社会大多数部门的技术装备水平,某一生产部门内部的先进技术装备水平,某一生产部门内部大多数产品已经达到的技术装备水平,D,
下列说法是错误的是（    ）,使用价值是商品的自然属性，价值是商品的社会属性,私人劳动和社会劳动的矛盾，是商品经济的其他一切矛盾的基础,商品经济是以交换为目的的经济形式，交换体现了商品经济的本质,商品的交换是以黄金和白银为媒介的,D,
在商品经济中，形成价值的抽象劳动的支出必须借助于（    ）,具体劳动,剩余劳动,商品的生产形式,资本主义生产方式,A,
马克思说：“一切商品对它们的所有者是非使用价值，对它们的非所有者是使用价值。”这句话的意思是（    ）,有使用价值的不一定有价值,商品的使用价值是对它的消费者而言的，价值是对生产者而言的,商品购买者同时获得使用价值和价值,商品是使用价值和价值的统一,B,
,,,,,,
,,,,,,
,,,,,,
,,,,,,
,,,,,,
,,,,,,
,,,,,,
,,,,,,
,,,,,,
,,,,,,
,,,,,,
,,,,,,
,,,,,,
,,,,,,
,,,,,,
,,,,,,
,,,,,,
,,,,,,
,,,,,,
,,,,,,
,,,,,,
,,,,,,
,,,,,,
,,,,,,
,,,,,,
,,,,,,
,,,,,,
,,,,,,
,,,,,,
,,,,,,
,,,,,,
,,,,,,
,,,,,,
,,,,,,
,,,,,,
,,,,,,
,,,,,,
,,,,,,
,,,,,,
,,,,,,
,,,,,,
,,,,,,
,,,,,,
,,,,,,
,,,,,,
,,,,,,
,,,,,,
,,,,,,
,,,,,,
,,,,,,
,,,,,,
,,,,,,
,,,,,,
,,,,,,
,,,,,,
,,,,,,
,,,,,,
,,,,,,
,,,,,,
,,,,,,
,,,,,,
,,,,,,
,,,,,,
,,,,,,
,,,,,,
,,,,,,
,,,,,,
,,,,,,
,,,,,,
,,,,,,
,,,,,,
,,,,,,
,,,,,,
,,,,,,
,,,,,,
,,,,,,
,,,,,,
,,,,,,
,,,,,,
,,,,,,
,,,,,,
,,,,,,
,,,,,,
,,,,,,
,,,,,,
,,,,,,
,,,,,,
,,,,,,
,,,,,,
,,,,,,
,,,,,,
,,,,,,
,,,,,,
,,,,,,
,,,,,,
,,,,,,
,,,,,,
,,,,,,
,,,,,,
,,,,,,
,,,,,,
,,,,,,
,,,,,,
,,,,,,
,,,,,,
,,,,,,
,,,,,,
,,,,,,
,,,,,,
,,,,,,
,,,,,,
,,,,,,
,,,,,,
,,,,,,
,,,,,,
,,,,,,
,,,,,,
,,,,,,
,,,,,,
,,,,,,
,,,,,,
,,,,,,
,,,,,,
,,,,,,
,,,,,,
,,,,,,
上层建筑的根本性质决定于（     ）,经济基础,政治制度,国家政权,意识形态,A,
“当着不变更生产关系，生产力就不能发展的时候，生产关系的变革就起了主要的决定作用。”这个观点说明了（     ）,人为因素使生产关系超越生产力水平,在一定条件下，拔高生产关系也能促进生产力发展,它违背生产力决定生产关系的原理,在一定条件下，生产关系对生产力的反作用尤为突出,D,
由意识形态和政治法律制度及设施、政治组织等两部分构成的上层建筑建立在（     ）,一定的物质基础之上,一定的制度基础之上,一定的生产基础之上,一定的经济基础之上,D,
国体和政体的关系是（     ）,前者作用于后者，后者也作用于前者,前者决定后者，后者也决定前者,前者服务于后者，后者也服务于前者,前者决定后者，后者服务于前者,D,
区分不同生产方式、判定社会经济结构性质的客观依据是（     ）,生产关系,产品的分配关系,生产资料所有制关系,生产中人与人的关系,C,
在生产关系中，最基本的是（     ）,生产资料所有制关系,产品的分配关系,生产中人与人的关系,生产、分配和交换,A,
人类社会形态更替的统一性和多样性的关系是（     ）,多样性必然排斥统一性,统一性与多样性互相矛盾,多样性是统一性的产物,统一性以多样性为前提,D,
社会形态更替的过程是一个（     ）,合目的性的过程,合目的性和合规律性相矛盾的过程,合规律性的过程,合目的性和合规律性相统一的过程,D,
社会主义社会的改革是（     ）,改变社会主义的基本经济制度,改变社会主义的基本政治制度,改变社会主义的经济运行形式,社会主义制度的自我完善,D,
社会形态是指同生产力发展一定阶段相适应的（     ）,生产方式和生产过程的统一体,基本经济制度和经济体制的统一体,经济基础和上层建筑的统一体,经济体制和上层建筑的统一体,C,
人类社会发展的基本矛盾或基本动力是（     ）,人与自然界的矛盾、人与人的矛盾,人与社会制度的矛盾、社会与环境的矛盾,先进与落后的矛盾、开拓进取与因循守旧的矛盾,生产力与生产关系的矛盾、经济基础与上层建筑的矛盾,D,
社会形态的更替表现为（     ）,前进性与渐进性、曲折性与跨越性的统一,前进性与跨越性、渐进性与曲折性的统一,前进性与曲折性、顺序性与跨越性的统一,前进性与发展性、艰巨性与曲折性的统一,C,
依据生产关系性质，社会历史可理解为原始社会、奴隶社会、封建社会、资本主义社会和共产主义社会这五种社会形态依次更替的历史。这是社会历史运动的一般过程和一般规律，表现了社会形态更替的（     ）,一直性,一致性,唯一性,统一性,D,
人们的历史选择性，归根结底是（     ）,客观规律的决定性,人民群众的选择性,领导人的决定性,领导人的选择性,B,
改革在社会历史发展中的作用集中表现在（     ）,在一定程度上解决社会基本矛盾，促进生产力发展,在一定程度上解决社会基本矛盾，促成社会形态的发展,解决社会基本矛盾，促进生产力的发展,解决社会基本矛盾，促成社会形态的发展,A,
在社会主义条件下，上层建筑对经济基础的保护，从根本上说是（     ）,为了保护国家的物质利益,为了保护人们的既得利益,为了保护国家的既得利益,为了保护人民群众的物质利益,D,
社会主义与资本主义的根本区别是（     ）,生产力水平的不同,生产关系和上层建筑的不同,先进文化的不同,文明水平的不同,B,
区分社会制度性质的根本标准是（     ）,生产力的发展水平,科学技术的发展程度,占统治地位的生产关系的性质,国家政权的性质,C,
“人创造环境，同样环境也创造人”是（     ）,唯物主义的观点,辩证法的观点,唯心主义的观点,辩证唯物主义的观点,D,
第十届全国人大二次会议通过的宪法修正案，将“国家尊重和保障人权”写入宪法。这标志着（     ）,我国社会主义生产关系的完善,我国社会主义政治文明的进步,我国社会主义物质文明的发展,我国社会主义精神文明的升华,B,
上层建筑的核心是（     ）,政党,国家政权,法律,哲学,B,
国家与原始氏族组织的不同之一在于（     ）,前者以民族来划分，后者以部落来划分,前者以社会成员来划分，后者以氏族成员来划分,前者以税收来划分，后者以道德来划分,前者以地域来划分，后者以血缘来划分,D,
社会意识产生的最切近的基础是（     ）,人们的社会心理,前人留下的学说,人们对美好生活的追求,人类的社会实践,D,
阶级社会中占统治地位的社会意识是（     ）,社会大多数人的思想,被压迫阶级的思想,统治阶级的思想,劳动群众的思想,C,
下列观点中，哪一个不属于生产关系对生产力有能动反作用原理（     ）,拔高的生产关系能使生产力获得“跨越式”发展,生产关系适合生产力发展的客观要求时，就促进生产力发展,生产关系不适合生产力发展的客观要求时，就阻碍生产力发展,在一定条件下，生产关系对生产力的反作用尤为突出,A,
有的国家在发展中超越了一个甚至几个社会形态而跨越式地向前发展，有的国家在一定阶段上社会形态性质不够典型，也有的国家在一定时期由较为落后的社会形态快速跃迁为先进的社会形态，等等。所有这些，体现了社会形态更替形式的（     ）,不可认识性,杂乱性,无规律性,多样性,D,
先进的社会意识之所以能对社会的发展起促进作用，是由于（     ）,它正确反映了社会发展规律,它是社会存在的反映,它具有相对独立性,它具有历史继承性,A,
下列各组社会意识形式中，全部属于意识形态范围的是（     ）,自然科学、道德、宗教,技术科学、哲学、艺术,政治思想、逻辑学、语言学,法律思想、哲学、宗教,D,
德国唯心主义者、青年黑格尔派代表人物鲍威尔兄弟认为，历史中起决定作用的是“英雄”的精神，而人民群众是历史中的惰性因素。这种观点产生的认识根源是（     ）,社会生产力水平低，只有少数人从事精神活动,出于阶级偏见，为了维护剥削阶级的利益,他们停留于历史的表面，夸大英雄人物的作用,剥削阶级独断专行，可以为所欲为的主宰历史,C,
不是人们的意识决定人们的存在，相反，是人们的社会存在决定人们的意识。这是唯物史观对（     ）,哲学基本问题的正确回答,哲学观基本问题的正确回答,历史观基本问题的正确回答,世界观基本问题的正确回答,C,
我们党的一切工作的最高标准是（     ）,发展先进生产力,发展先进文化,发展科学技术,实现最广大人民的根本利益,D,
“在共同生活和共同劳动中，需要有一个为公共利益服务的机构，这就是国家。国家的目的是利用社会力量去谋求社会的福利。”这段话（     ）,指明了国家对内职能和对外职能的界限,确认了国家是具有强制力的机构,承认国家是个历史范畴,抹煞了国家的阶级本质,D,
社会意识是（     ）,社会的精神生活过程,社会的政治生活过程,人类改造自然的过程,人类改造社会的过程,A,
社会存在也称社会物质生活条件，是社会生活的物质方面，它包括三个方面的内容，其中主要的方面是（     ）,人口因素,地理环境,生产方式,生产资料,C,
把社会历史看成是精神发展史，根本否定人民群众在社会历史发展中的决定作用，这是（     ）,唯意志论历史观的两个主要缺陷,宿命论历史观的两个主要缺陷,倒退论历史观的两个主要缺陷,唯心史观的两个主要缺陷,D,
上层建筑对于社会发展的促进作用决定于（     ）,有效地为经济基础服务,适应经济基础的需要,掌握在哪个阶级手里,被服务的经济基础是否适应生产力发展的需要,D,
下列关于上层建筑的说法，属于意识形态形式的是（     ）,国家政治制度、立法司法制度和行政制度,政党、军队、警察、法庭、监狱,政治、法律、道德、艺术、哲学等思想观点,国家政权机构、地方组织机构,C,
“在社会发展过程中，人民是历史的‘剧中人’，英雄人物是历史的‘剧作者’”，这个观点是（     ）,唯物史观,英雄史观,二元论历史观,不可知论的观点,B,
“17世纪和18世纪从事制造蒸汽机的人们也没有料到，他们所制造的工具，比其他任何东西都更能使世界的社会状态革命化。”这表明（     ）,生产力的发展决定世界历史发展的进程,生产工具是社会进步的决定力量,社会关系的基本面貌由生产工具的发展状况决定,生产工具是区分社会形态的标志,A,
人口因素对社会发展的作用表现在（     ）,人口增长是引起革命的根源,人口增长是资本主义社会劳动者贫困失业的根源,人口因素对社会发展可以起加速或延缓作用,人口因素是社会进步的决定力量,C,
两种根本对立的历史观是（     ）,先进的历史观和落后的历史观,唯意志论和宿命论,前进论和倒退论,唯物史观和唯心史观,D,
生产力范畴反映的是（     ）,人与自然之间的关系,人与社会之间的关系,人与劳动产品的关系,劳动者与剥削者的关系,A,
由于社会历史是由有意识有目的的活动着的人创造的，因此（     ）,社会规律是由人所创造的,人们可以改造或消灭社会规律,社会发展规律只能通过人的自觉活动起作用,人的活动都体现社会规律,C,
生产关系包括多项内容，其中起决定作用的是（     ）,产品的分配方式,商品的交换方式,生产资料所有制形式,资本的组织形式,C,
地理环境对社会发展的作用表现在它（     ）,决定社会制度的差异,决定一个国家的综合国力,决定社会形态的变更,是人类社会存在和发展的必要条件,D,
人民群众创造历史，（     ）,在阶级社会，受历史条件的制约,在社会主义社会之前受历史条件制约,在共产主义社会之前受历史条件制约,在任何社会都受历史条件制约,D,
马克思在《哲学的贫困》中指出：“随着新生产力的获得……人们就会改变自己的一切社会关系。手推磨产生的是封建主的社会，蒸汽机产生的是工业资本家的社会。”这句话揭示了（     ）,人们总是依据生产工具以及分工状况来建立一定的经济关系和社会关系,科学技术是推动社会发展的第一生产力,社会形态的更替必然表现在生产工具的变化上,资本主义社会比封建社会优越，其优越性表现在生产工具的进步上,A,
马克思指出：“蒸汽、电力和自动纺织机甚至是比巴尔贝斯、拉斯拜尔和布朗基诸位公民更危险万分的革命家。”这表明（     ）,科技革命是对统治阶级的极大威胁,科技革命对变革社会制度具有直接的决定作用,滥用科技革命的成果会对人类造成“危险”,科技革命推动社会政治革命,D,
“历史必然性的思想也丝毫不损害个人在历史上的作用：全部历史正是由那些无疑是活动家的个人的行动构成的。”这一观点属于（     ）,英雄史观,唯心史观,唯物史观,宿命论,C,
恩格斯指出：“在历史上出现的一切社会关系和国家关系，一切宗教制度和法律制度，一切理论观念，只有理解了每一个与之相关的时代的物质生活条件，并从这些物质条件中被引申出来的时候，才能理解”，这表明（     ）,社会意识及其载体都是社会存在,社会意识决定社会存在,社会意识具有反作用,社会存在决定社会意识,D,
恩格斯指出：“所谓‘社会主义社会’不是一种一成不变的东西，而应当和任何其他社会制度一样，把它看成是经常变化和改革的社会”。这句话的核心意思是（     ）,社会主义改革是社会发展中的质变,社会主义改革是社会制度的根本变革,社会主义改革可以代替社会革命,社会主义改革是社会主义制度的自我完善,D,
马克思说：“社会的物质生产力发展到一定阶段，便同它们一直在其中运动的现存生产关系或财产关系（这只是生产关系的法律用语）发生矛盾。于是这些关系便由生产力的发展形式变成生产力的桎梏。”这段话表明（     ）,生产力对生产关系具有决定作用,生产关系一定适应生产力性质,生产关系对生产力具有决定作用,生产关系可能阻碍生产力发展,D,
恩格斯指出：“每一时代的哲学作为分工的一个特定的领域，都具有由它的先驱传给它而它便由此出发的特定的思想材料作为前提。因此，经济上落后的国家在哲学上仍然能够演奏第一小提琴”，这是因为（     ）,社会意识是社会存在的反映,社会意识具有相对独立性,社会意识反作用于社会存在,社会存在对社会意识的决定作用,B,
当前我们要坚持社会主义先进文化的前进方向，兴起社会主义文化建设新高潮，激发全民族文化创作活力，提高国家文化软实力。这是因为（     ）,社会意识对社会存在的发展具有能动的反作用,社会意识和社会存在的发展具有不平衡性,先进的社会意识就是先进文化,社会意识对社会存在的能动作用都是通过文化体现出来的,A,
由于社会内部的基本矛盾及其他矛盾与外部各种因素、条件的作用，使一个民族的发展表现为由多种可能性构成的“可能性空间”，哪种可能性能实现，取决于主体的自觉选择。一个民族进行历史选择的直接动机是（     ）,民族利益,民族交往,对历史必然性的把握,对本民族特点的把握,A,
唯物史观的创立最终将唯心主义从它的“最后避难所”中驱逐出去，其根本的原因是唯物史观认为（     ）。,社会内部矛盾推动社会发展,社会存在决定社会意识,社会历史发展是有规律的,社会历史规律是可知的,B,
社会运动的物质基础是（     ）,自然环境,阶级关系,生产方式,从事物质生产和自然生产的人们的总和,C,
衡量生产力水平的客观尺度是（     ）,劳动技能,科学技术,生产管理,生产工具,D,
区分社会意识是先进的还是落后的根本标志在于看它是否（     ）,反映一切阶级的要求和愿望,与统治阶级的要求相符合,反映统治阶级的利益,反映并服务于新的生产方式,D,
历史唯物主义和历史唯心主义斗争的焦点是（     ）,是否承认个人的作用,是否承认阶级斗争,是否承认社会存在决定社会意识,是否承认社会运动的特殊性,C,
恩格斯指出：历史发展“总是从许多单个的意志的相互冲突中产生出来的”，“无数相互交错的力量产生出一个总的结果，即历史事实，这个结果又可以看作一个作为整体的、不自觉地和不自主的起作用的力量的产物。”这说明（     ）,社会发展是由多种力量最后决定的,社会发展规律是自发实现的,社会规律同自然过程的规律是相同的,社会发展像自然一样有自己的客观规律,D,
社会规律的特点是（     ）,同自然规律一样自发实现,与自然规律不一样有其阶级性,客观的，但要通过人的自觉活动才能实现,主观的，因为它的实现不能脱离人的自觉活动,C,
生产关系是一种（     ）,物质利益关系或经济关系,思想关系,血缘关系,经济区域关系,A,
“历史不过是追求着自己目的的人的活动而已”和“人们自己创造自己的历史”，这两句话表明（     ）,人是研究社会历史的出发点,人是社会历史的主体,历史发展的方向是人自己决定的,人的自我保存和发展是历史的原动力,B,
社会意识形态诸形式中起核心作用的是（     ）,政治法律思想,道德规范,文学艺术,哲学思想,A,
“事实雄辩地证明，改革开放是决定当代中国命运的关键选择，是发展中国特色社会主义、实现中华民族伟大复兴的必由之路；……只有改革开放才能发展中国、发展社会主义、发展马克思主义。”这表明（     ）,改革是社会主义社会发展的最终动力,随着社会的发展，革命已经退出历史舞台,改革是社会主义社会发展的重要动力,社会主义中国所取得巨大成就都要归功于改革,C,
社会主义社会的改革是（     ）,改变社会主义的基本经济制度,改变社会主义的基本政治制度,改变社会主义的经济运行形式,社会主义制度的自我完善,D,
生产力与生产关系矛盾运动规律的原理第一次科学地确定了（     ）,道德进步是评判历史功过的唯一标准,生产力发展是评判历史功过的唯一标准,道德进步是社会进步的最高标准,生产力发展是社会进步的最高标准,D,
生产关系一定要适合生产力状况的规律的涵义在于（     ）,它揭示了社会发展一般过程,它揭示了社会形态由量变到质变这一飞跃过程,它揭示了人类社会由必然王国向自由王国飞跃过程,它揭示了生产力与生产关系之间内在的、本质的必然联系,D,
人类的本质活动是（     ）,生活,生存,发展,劳动,D,
社会历史存在和发展的前提是（     ）,人及其活动,有血有肉的人及其活动,自然存在的人及其活动,现实的人及其活动,D,
在对待社会历史发展及其规律问题上，梁启超认为：“历史者英雄之舞台也，舍英雄几无历史……大人物心理之动进稍易其轨而全部历史可以改观”，这一思想（     ）,正确肯定了英雄在历史中的作用,根本忽视了思想动机背后的物质动因,属于历史唯物主义的观点,属于历史决定论的观点,B,
社会主义改革的直接对象是（     ）,现实的生产力,基本政治制度,基本经济制度,旧体制和旧思想观念,D,
（     ）就是人民群众至上的观点。,领袖意见,英雄观点,发展观点,群众观点,D,
科学是“历史的有力的杠杆”，是“最高意义上的革命力量”。这是（     ）,唯心主义的观点,科学主义的观点,历史唯心主义的观点,历史唯物主义的观点,D,
国家与原始氏族组织的不同之一在于（     ）,前者以民族来划分，后者以部落来划分,前者以社会成员来划分，后者以氏族成员来划分,前者以税收来划分，后者以道德来划分,前者以地域来划分，后者以血缘来划分,D,
社会意识相对独立性的最突出表现是它（     ）,同社会存在发展的不同步性,具有历史的继承性,对社会存在具有能动的反作用,同社会经济的发展具有不平衡性,C,
改革在社会历史发展中的作用集中表现在（     ）,在一定程度上解决社会基本矛盾，促进生产力发展,在一定程度上解决社会基本矛盾，促成社会形态的发展,解决社会基本矛盾，促进生产力的发展,解决社会基本矛盾，促成社会形态的发展,A,
在人类社会发展中起决定作用的因素是（     ）,生产方式,地理条件,社会意识,人口因素,A,
在整个上层建筑中，居主导地位的和作为核心的分别是（     ）,政治上层建筑和意识形态,观念上层建筑和国家政权,政治意识形态和国家政权,政治上层建筑和国家政权,D,
十一届三中全会以来，我党制定的一系列正确的路线、方针、政策促进了我国经济的迅猛发展，这说明（     ）,经济基础发展的道路是由上层建筑决定的,上层建筑的发展决定经济基础的发展方向,上层建筑对经济基础具有积极的能动作用,社会主义社会的发展不受经济基础决定上层建筑规律的制约,C,
“手推磨产生的是封建主的社会，蒸汽磨产生的是工业资本家的社会”，这句话揭示了（）,生产工具是衡量生产力水平的重要尺度,科学技术是第一生产力,社会形态的更替有其一定的顺序性,物质生产的发展藉要建立相应的生产关系,D,
在生产关系中起决定作用的是（     ）,生产资料所有制,产品的分配和交换,在生产中人与人的关系,管理者和生产者的不同地位,A,
由意识形态和政治法律制度及设施、政治组织等两部分构成的上层建筑建立在（     ）,一定的物质基础之上,一定的制度基础之上,一定的生产基础之上,一定的经济基础之上,D,
人的现实本质是（     ）,自然属性,社会属性,一切社会关系总和,一切生产关系总和,C,
社会基本矛盾运动的最终原因是（     ）,生产关系的发展,生产力的发展,上层建筑的发展,经济基础的发展,B,
“当着不变更生产关系，生产力就不能发展的时候，生产关系的变革就起了主要的决定作用。”这个观点说明了（     ）,人为因素使生产关系超越生产力水平,在一定条件下，拔高生产关系也能促进生产力发展,它违背生产力决定生产关系的原理,在一定条件下，生产关系对生产力的反作用尤为突出,D,
下列观点中，哪一个不属于生产关系对生产力有能动反作用原理（     ）,拔高的生产关系能使生产力获得“跨越式”发展,生产关系适合生产力发展的客观要求时，就促进生产力发展,生产关系不适合生产力发展的客观要求时，就阻碍生产力发展,在一定条件下，生产关系对生产力的反作用尤为突出,A,
人民群众之所以是历史的创造者，最根本的原因在于（     ）,人民群众占人口的大多数,人民群众有无穷的智慧,人民群众的活动总是合理的,人民群众是社会生产力的体现者,D,
经济基础的实质是社会一定发展阶段上的（     ）,基本经济制度,基本政治制度,基本经济体制,基本政治体制,A,
科学技术能够应用于生产过程、渗透到生产力诸基本要素中，从而转化为（     ）,需要的生产能力,重大的生产能力,新型的生产能力,实际的生产能力,D,
经济基础是指由社会一定发展阶段的生产力所决定的（     ）,生产要素的总和,生产资料的总和,物质要素的总和,生产关系的总和,D,
生产力诸要素中的最活跃的因素或主导因素是（     ）,劳动对象,劳动资料,劳动者,科学技术,C,
人们的历史选择性，归根结底是（     ）,客观规律的决定性,人民群众的选择性,领导人的决定性,领导人的选择性,B,
人类社会发展的基本矛盾或基本动力是（     ）,人与自然界的矛盾、人与人的矛盾,人与社会制度的矛盾、社会与环境的矛盾,先进与落后的矛盾、开拓进取与因循守旧的矛盾,生产力与生产关系的矛盾、经济基础与上层建筑的矛盾,D,
人民群众的最稳定的主体部分始终是（     ）。,从事思想文化产品生产的群众,从事物质资料生产的劳动群众及其知识分子,广大工人、农民和其他新兴社会阶层,从事物质资料生产的劳动群众,B,
衡量生产力水平的客观尺度主要是（     ）,劳动者的技术水平的高低,劳动产品质量的好坏,劳动资料特别是生产工具的发展水平,劳动对象的广度和深度,C,
社会形态更替的过程是一个（     ）,合目的性的过程,合目的性和合规律性相矛盾的过程,合规律性的过程,合目的性和合规律性相统一的过程,D,
社会形态的更替表现为（     ）,前进性与渐进性、曲折性与跨越性的统一,前进性与跨越性、渐进性与曲折性的统一,前进性与曲折性、顺序性与跨越性的统一,前进性与发展性、艰巨性与曲折性的统一,C,
先进的社会意识之所以对社会存在能起促进作用是因为（     ）,它不完全受具体的社会存在和社会实践的制约,它有相对独立性,意识形态诸形式之间的相互协调,它符合了社会发展的客观规律,D,
个人意识和群体意识的联系表现为（     ）,两者相互依赖、相互作用、相互转化,群体意识是个体意识的总汇,个人意识决定群体意识,个人意识完全由群体意识决定,A,
,,,,,,
,,,,,,
,,,,,,
,,,,,,
,,,,,,
,,,,,,
,,,,,,
,,,,,,
,,,,,,
,,,,,,
,,,,,,
,,,,,,
,,,,,,
,,,,,,
,,,,,,
,,,,,,
,,,,,,
,,,,,,
,,,,,,
,,,,,,
,,,,,,
,,,,,,
,,,,,,
,,,,,,
,,,,,,
,,,,,,
,,,,,,
,,,,,,
,,,,,,
,,,,,,
,,,,,,
,,,,,,
,,,,,,
,,,,,,
,,,,,,
,,,,,,
,,,,,,
,,,,,,
,,,,,,
,,,,,,
,,,,,,
,,,,,,
,,,,,,
,,,,,,
,,,,,,
,,,,,,
,,,,,,
,,,,,,
,,,,,,
,,,,,,
,,,,,,
,,,,,,
,,,,,,
,,,,,,
,,,,,,
,,,,,,
,,,,,,
,,,,,,
,,,,,,
,,,,,,
,,,,,,
,,,,,,
,,,,,,
,,,,,,
,,,,,,
,,,,,,
,,,,,,
,,,,,,
,,,,,,
,,,,,,
,,,,,,
,,,,,,
,,,,,,
,,,,,,
,,,,,,
,,,,,,
,,,,,,
,,,,,,
,,,,,,
,,,,,,
,,,,,,
,,,,,,
,,,,,,
,,,,,,
,,,,,,
,,,,,,
,,,,,,
马克思认为，剩余价值和“资本不能从流通中产生，又不能不从流通中产生。它必须既在流通中产生又不在流通中产生。”这句话的意思是（    ）,剩余价值可以在流通中产生，也可以在生产中产生,剩余价值既不在流通中产生，也不在生产中产生,剩余价值在生产中产生，但要以流通为条件,剩余价值在流通中产生，但要以生产为条件,C,
某资本家工厂共有资本400万元，其中一次生产耗费不变资本100万元，购买劳动力部分为100万元，生产出商品价值300万元。该资本的剩余价值率是（    ）,300%,200%,150%,100%,D,
通货紧缩是由于（    ）,纸币供应量大大少于货币需要量,纸币供应量刚好等于货币需要量,纸币供应量大大超过货币需要量,按货币需要量决定纸币发行数量,A,
剩余价值转化为利润，同时剩余价值率也就转化为利润率。资本主义利润率等于剩余价值与全部预付资本之比。它反映了（    ）,生产资本的增殖程度,预付不变资本的增殖程度,预付可变资本的增殖程度,全部预付资本的增殖程度,D,
资本积累的实质是资本家用无偿占有的剩余价值来扩大生产规模，从而占有更多的剩余价值。资本积累和扩大再生产的关系是（    ）,资本积累是扩大再生产的源泉,扩大再生产是资本积累的源泉,资本积累是扩大再生产的结果,扩大再生产与资本积累没有关系,A,
在资本主义制度下，资本家支付给工人工资。表面看来，好象个人是出卖劳动，工资是劳动的报酬。但是资本主义工资的本质是（    ）,劳动的价值,劳动力的价值或价格,工人全部劳动的报酬,劳动的价格,B,
价值增殖过程是剩余价值的生产过程，这是资本主义生产过程的主要方面。所谓价值增殖过程，是超过一定点而延长了的价值形成过程，这里的“一定点”指的是在生产过程中（    ）,工人用于转移生产资料价值的时间,工人用于创造新产品使用价值的时间,工人用于补偿劳动力自身价值的时间,工人用于创造新产品全部价值的时间,C,
马克思在《资本论》中指出“在一极是财富的积累，同时在另一极，即在把自己的产品作为资本来生产的阶级方面，是贫困、劳动折磨、受奴役、无知、粗野和道德堕落的积累。”这句话揭示了资本积累的一般规律是（    ）,资本有机构成的提高导致了资本主义社会相对过剩人口的形成,随着资本积累的增长，资本有机构成表现出不断提高的趋势,资产阶级财富的积累与工人阶级贫困的积累内在地、本质地、必然地联系在一起,资本积累和资本有机构成提高的过程，就是“机器排斥工人”的过程,C,
工资形式对资本主义“具有决定性的重要意义。这种表现形式掩盖了现实关系，正好显示出它的反面。”资本主义工资之所以掩盖了剥削，是由于它（    ）,表现为劳动的价格,是劳动者必要劳动创造的价值,是劳动力的价值,是劳动力的价值或价格的转化形式,A,
社会生产是连续进行的，这种连续不断重复的生产就是再生产。社会再生产的核心问题是（    ）,社会总产品各个组成部分的价值补偿问题,社会总产品的实现问题,社会总产品各个组成部分的实物补偿问题,剩余价值的实现问题,B,
超额剩余价值的生产是相对剩余价值生产的前提条件。资本家普遍获得相对剩余价值是由于各个资本家竞相追求超额剩余价值的结果，而超额剩余价值的获得则是（    ）,个别企业靠延长工作日和增加劳动时间的结果,个别企业提高劳动生产率的结果,个别企业劳动生产率高于社会劳动生产率的结果,整个社会劳动生产率提高的结果,C,
社会总产品是指社会各个物质生产部门的劳动者在一定的时期内（通常为一年）所生产出来的全部物质资料的总和。马克思把社会总产品的生产划分为第Ⅰ部类和和第Ⅱ部类的依据是（    ）,社会总产品的价值形式,社会总产品的交换形式,社会总产品的补偿形式,社会总产品的实物形式,D,
在现实的资本主义经济运行中，资本家提高对工人的剥削程度的方法有多种多样。 其中最基本的两种方法是（    ）,绝对剩余价值的生产与超额剩余价值的生产,相对剩余价值的生产与超额剩余价值的生产,绝对剩余价值的生产与相对剩余价值的生产,超额剩余价值的生产与垄断市场和价格,C,
马克思指出“作为劳动过程和价值形成过程的统一，生产过程是商品生产过程；作为劳动过程和价值增殖过程的统一，生产过程是资本主义的生产过程，是商品生产的资本主义形式。”这说明资本主义生产过程具有的二重性是指（    ）,资本主义生产过程是劳动过程和价值形成过程的统一,资本主义生产过程是劳动过程和价值增殖过程的统一,资本主义生产过程是价值形成过程和价值增殖过程的统一,资本主义生产过程是物质资料再生产和生产关系再生产的统一,B,
使用价值是指商品能够满足人们某种需要的属性，即商品的有用性。马克思主义政治经济学在研究商品时，之所以考察商品的使用价值，因为使用价值是（    ）,构成财富的物质内容,人类生存、发展的物质条件,满足人们需要的物质实体,商品交换价值和价值的物质承担者,D,
商品的价值不仅有质的规定性，而且还有量的规定性。商品的价值量由生产商品的社会必要劳动时间决定，它是在（    ）,同类商品的生产者之间的竞争中实现的,不同商品的生产者之间的竞争中实现的,商品的生产者和消费者之间的竞争中实现的,商品的生产者和销售者之间的竞争中实现的,A,
商品是用来交换的能满足人们某种需要的劳动产品，具有使用价值和价值两个因素，是使用价值和价值的矛盾统一体。商品的二因素是由（    ）,商品的自然属性所决定的,商品的社会属性所决定的,生产商品的劳动二重性决定的,生产资料的所有制决定的,C,
商品具有使用价值和价值两个因素，是使用价值和价值的矛盾统一体。解决商品内在的使用价值和价值矛盾的关键是（    ）,生产商品的劳动生产率的提高,商品交换的实现,能充当交换媒介的货币的出现,价值规律发挥作用,B,
“我们从小麦的滋味中尝不出种植小麦的人是俄国的农奴，法国的小农，还是英国的资本家。使用价值虽然是社会需要的对象，因而处在社会联系之中，但是并不反映任何社会生产关系。”从马克思的这段话中，我们可以得出（    ）,使用价值是社会财富的物质内容,使用价值是商品的自然属性,使用价值是商品的社会属性,使用价值是价值的物质承担者,B,
马克思指出，“就使用价值说，有意义的只是商品中包含的劳动的质；就价值量说，有意义的只是商品中包含的劳动的量，不过这种劳动已经转化为没有质的区别的人类劳动。”这里所说的没有质的区别的人类劳动是指（    ）,具体劳动,抽象劳动,个别劳动,社会劳动,B,
商品交换就是商品所有者按照等价交换的原则相互自愿让渡商品所有权的经济行为。两种不同的商品可以按照一定比例进行相互交换的原因在于（    ）,两种不同的商品都是具体劳动的产物,两种不同的商品对人们有相同的效用,不同使用价值的商品都凝结了一般人类劳动,两种不同的商品有不同的使用价值,C,
在资本主义生产过程中，劳动力商品所创造的全部价值是劳动力自身价值和资本家获得的剩余价值。劳动力价值是借助于（    ）,具体劳动转移到新产品中,抽象劳动转移到新产品中,具体劳动实现了价值增殖,抽象劳动实现了价值增殖,D,
在马克思看来，在一切社会里，社会财富的物质内容都是由（    ）,金银构成的,价值构成的,货币构成的,使用价值构成的,D,
商品经济是通过商品货币关系实行等价交换的经济形式，它的基本规律是（    ）,价值规律,剩余价值规律,竞争规律,货币流通规律,A,
劳动力的价值是由生产和再生产劳动力所需要的社会必要劳动时间决定的。在劳动力价值构成上，劳动力商品的价值决定与其他商品相比还具有一个突出的特点，这就是（    ）,它完全是由市场供求关系决定的,它是由劳动者身体素质和健康状况决定的,它包含着一个历史的和道德的因素,它可以还原为劳动者维持自己及其家属生存所必须的生活资料的价值,C,
生产商品的劳动分具体劳动和抽象劳动，其中具体劳动的作用是创造（    ）,新价值,剩余价值,必然价值,使用价值,D,
在人类历史上，自从出现商品交换以来，商品的价值形式已经历了四个发展阶段，有四种不同的表现形式，依次是（    ）,简单的或偶然的价值形式、总和的或扩大的价值形式、一般价值形式、货币形式,简单的或偶然的价值形式、一般价值形式、总和的或扩大的价值形式、货币形式,简单的或偶然的价值形式、一般价值形式、货币形式、总和的或扩大的价值形式,简单的或偶然的价值形式、货币形式、一般价值形式、总和的或扩大的价值形式,A,
商品的二因素是（    ）,使用价值和交换价值,交换价值和价值,价值和使用价值,费用和效用,C,
私有制基础上的商品经济的基本矛盾是（    ）,私人劳动和社会劳动的矛盾,具体劳动和抽象劳动的矛盾,生产社会化和生产资料私人占有的矛盾,个别劳动时间和社会必要劳动时间的矛盾,A,
马克思认为“一种商品变成货币，首先是作为价值尺度和流通手段的统一。换句话说，价值尺度和流通手段的统一是货币。”这句话说明了（    ）,货币的本质,价值尺度和流通手段是一回事,货币的基本职能,只有货币才能执行价值尺度和流通手段的职能,C,
价值规律是商品生产和商品交换的基本经济规律。价值规律对生产、流通和消费的调节作用的实现形式是通过（    ）,使用价值和价值的矛盾运动,个别劳动与社会劳动的矛盾运动,价格根据市场供求状况围绕价值上下波动，进而影响各个市场主体的利益,按照市场供求状况对资源进行有效配置的结果,C,
社会必要劳动时间是在现有的社会正常生产条件下，在社会平均劳动熟练程度和劳动强度下制造某种使用价值所需要的劳动时间，它的尺度是（    ）,具体劳动,复杂劳动,简单劳动,个别劳动,C,
资本主义经济危机之所以呈现周期性，其原因是（    ）,资本主义基本矛盾,资本主义基本矛盾运动的特点,资本主义的基本矛盾周期性,资本主义再生产的周期性,B,
商品是（    ）,具有社会使用价值的物品,为交换而生产的劳动产品,具有使用价值的劳动产品,为他人而生产的劳动产品,B,
可变资本是（    ）,劳动力;,工资,资本家为购买劳动力支付的货币,可随产量变化的成本,C,
价值规律在社会主义市场体系中的作用范围是（    ）,只对消费品市场起作用,只对资金市场和劳务市场起作用,对技术市场、信息和房地产市场不起作用,对各种市场都起作用,D,
资本主义生产方式的绝对规律是（    ）,物质资料,私有制,生产剩余价值,劳动力买卖,C,
恩格斯指出：“只有通过竞争的波动，从而通过商品价格的波动，商品生产的价值规律才能得到贯彻，社会必要劳动时间决定商品价值这一点才能成为现实。”下列对恩格斯这段话理解错误的是（    ）,只有通过竞争和价格波动，由社会必要劳动时间决定的价值才能实现,只有通过竞争和价格波动，商品才能实现等价交换,只有通过竞争和价格波动，价值规律才能表现出来,只有通过竞争和价格波动，价值才能决定价格,D,
价值规律的内容之一是（    ）,使用价值和价值的统一,个别劳动与社会劳动的统一,社会必要劳动时间决定商品的价值量,按照市场供求状况对资源进行有效配置,C,
绝对剩余价值生产是（    ）,剥削率不变,延长工作日长度,劳动生产率不变,工资率可变,B,
剩余价值来源于（    ）,工人的剩余劳动,资本的生产力,大自然的恩赐,资本家的节俭,A,
下列说法是错误的是（    ）,使用价值是商品的社会属性，价值是商品的自然属性,私人劳动和社会劳动的矛盾，是商品经济的其他一切矛盾的基础,商品经济是以交换为目的的经济形式，交换体现了商品经济的本质,商品的交换是以货币为媒介的,A,
剩余价值率是（    ）,剩余价值对全部资本之比;,剩余劳动时间/必要劳动时间,剩余劳动/全部劳动,三种说法都对,B,
资本主义经济危机的实质是（    ）,生产过剩的危机,生产不足的危机,生产相对过剩的危机,生产绝对过剩的危机,C,
正确认识价值创造和财富生产的关系，关键是运用（    ）,劳动二重性学说,资本有机构成学说,剩余价值学说,平均利润学说,A,
资本家提高劳动生产率的直接目的是（    ）,生产绝对剩余价值,生产相对剩余价值,降低劳动力价值,获取超额剩余价值,D,
对“劳动是财富之父，土地是财富之母”这句话正确解释是（    ）,劳动和土地都是价值的源泉,劳动创造使用价值，土地形成价值,劳动是创造价值的外部条件，土地是价值的真正源泉,劳动必须和自然物相结合才能创造出物质财富,D,
商品生产者要获得更多收益必须使生产商品的（    ）,个别劳动时间等于倍加的社会必要劳动时间,个别劳动时间等于社会必要劳动时间,个别劳动时间大于社会必要劳动时间,个别劳动时间小于社会必要劳动时间,D,
劳动二重性是指（    ）,死劳动和活劳动,脑力劳动和体力劳动,简单劳动和复杂劳动,具体劳动和抽象劳动,D,
资本主义国家的选举的实质是（    ）,资产阶级和无产阶级分权,每个公民都能通过竞选参与政治活动，表达自己的愿望和要求,协调统治阶级内部利益关系和矛盾的重要措施,人民当家作主,C,
在工作日的长度不变的条件下，由于缩短必要劳动时间而生产的剩余价值是（    ）,相对剩余价值,绝对剩余价值,超额剩余价值,劳动剩余价值,A,
理解马克思主义政治经济学的枢纽是（    ）,剩余价值学说,生产价格理论,劳动二重性学说,劳动力商品理论,C,
货币之所以能执行价值尺度的职能，是因为（    ）,它能衡量其他商品价值的大小,它是社会劳动的产物，本身具有价值,它具有计量单位,它可以是观念上的货币,B,
资本主义法制的核心是（    ）,民法,宪法,刑法,行政法,B,
价值规律是商品经济的基本规律，它的作用是通过（    ）,生产者之间的竞争实现的,消费者之间的竞争实现的,生产者和消费者之间的竞争实现的,价格机制、供求机制和竞争机制实现的,D,
资本集中最强有力的杠杆是（    ）,资本积聚和资本积累,竞争和剩余价值的资本化,竞争和信用,简单再生产和扩大再生产,C,
资产阶级意识形态的核心是（    ）,文学、艺术和宗教,道德、伦理,政治思想和法律思想,哲学、历史,C,
资本流通的目的是（    ）,获取使用价值;,发展社会经济,获取消费资料,实现价值增值,D,
最鲜明体现资本主义国家实质的国家职能是（    ）,政治职能,经济职能,社会职能,对外交往职能,A,
马克思说：“一切商品对它们的所有者是非使用价值，对它们的非所有者是使用价值。”这句话表明（    ）,有使用价值的不一定有价值,商品的使用价值是对它的购买消费者而言的,商品所有者同时获得使用价值和价值,商品是使用价值和价值的对立统一,D,
资本主义政党制度的实质是（    ）,保障工人阶级及其政党参与国家政治生活,支持马克思主义政党独立执政,不受资本主义国家政权的资本主义性质制约,资产阶级选择自己的国家管理者，实现其内部利益平衡的政治机制,D,
下列实物形态的资本中，同时属于生产资本、不变资本和固定资本的是（    ）,原料和燃料,辅助材料,机器设备,商业设施,C,
在商品经济中，形成价值的抽象劳动的支出必须借助于（    ）,具体劳动,剩余劳动,商品的生产形式,资本主义生产方式,A,
个别劳动时间长于社会必要劳动时间，抛开其他因素，商品生产者是（    ）,亏本的,不一定是亏是赚,赚钱的,与赚钱和亏本无关,A,
马克思说：“一切商品对它们的所有者是非使用价值，对它们的非所有者是使用价值。”这句话的意思是（    ）,有使用价值的不一定有价值,商品的使用价值是对它的消费者而言的，价值是对生产者而言的,商品购买者同时获得使用价值和价值,商品是使用价值和价值的统一,B,
社会必要劳动时间是在现有的社会正常生产条件下，在社会平均劳动熟练程度和劳动强度下制造某种使用价值所需要的劳动时间。这个时间是由谁来计算的（    ）,同类商品的生产者之间的竞争中实现的,由行业协会计算的,商品的生产者和消费者之间的竞争中实现的,由政府机构计算的,A,
资本是可以带来剩余价值的价值。马克思在研究政治经济学时，把资本按在生产剩余价值过程中的作用不同，划分为（    ）,不变资本和可变资本,固定资本和流动资本,预付资本和不变资本,流动资本和可变资本,A,
（    ）是商品所特有的社会属性,使用价值,价值交换,价值,价格,C,
"《资本论》（德文版）第一卷于1867年9月在汉堡出版，其影响力历经150年风雨而不衰，至今对我们分析、理解现实经济问题依然具有很强的指导意义，马克思主义政治经济学的理论十分丰富，其中""理解政治经济学的枢纽""的理论是（    ）",剩余价值理论,价值规律理论,劳动二重性理论,商品二因素理论,C,
主要资本主义国家相继由自由竞争阶段发展到垄断阶段的时期是（     ）,18世纪末期,19世纪中期,19世纪末20世纪初,第二次世界大战后,C,
资本主义国家的福利制度（     ）,提高了劳动者的实际工资,表明资产阶级同劳动人民的利益是一致的,减轻了对雇佣劳动者的剥削,没有减轻对雇佣劳动者的剥削，羊毛出在羊身上,D,
国际垄断同盟在经济上瓜分世界的依据是（     ）,军备力量的强弱,资本和经济实力的大小,国土的大小,人口的多少,B,
发达资本主义国家之间的经济关系表现为（     ）,矛盾与协调并存,只有协调没有矛盾,只有矛盾没有协调,协调与妥协并存,A,
跨国公司是（     ）,发达国家共同出资建立的,是由一国或一国的垄断组织为主建立起来的,是多国垄断组织的联盟,有关国际经济组织投资建立的,B,
经济全球化的内容有许多，但不包括（     ）,生产全球化,贸易全球化,殖民体系全球化,资本全球化,C,
垄断资本家在售卖商品时，一般都会采用（     ）,垄断高价,垄断低价,市场价格,计划价格,A,
经济全球化（     ）,是生产力高度发展的产物,与生产力高度发展无关,阻碍了生产力高度发展,是少数国家推动的结果,A,
经济全球化的实质是（     ）,发达资本主义国家占优势、为主导的经济运动,发展中国家占优势、为主导的经济运动,对外开放国家占优势、为主导的经济运动,各国平等互利的经济运动,A,
资本主义经济政治发展不平衡决定了社会主义革命只能（     ）,在发达资本主义国家首先取得胜利,在所有资本主义国家同时取得胜利,在一国或几国首先取得胜利,在所有不发达资本主义国家同时取得胜利,C,
国家垄断资本主义的形式中，最主要、最重要的形式是（     ）,国家市场垄断经济,国家调节经济,公私合营经济,国家自然垄断经济,B,
垄断价格形成的基础是（     ）,垄断地位,垄断利润,自由竞争,资本主义私有制,A,
垄断价格（     ）,是由垄断组织自由制定的，不受产品价值的约束,通常是和产品的社会生产价格相一致,要受到产品价值的限制，决不能高于价值,虽然会高于产品的价值，但仍受价值规律的制约,D,
正确认识资本主义的历史过渡性要（     ）,否定资本主义生产关系的一切改良,对资本主义采取全面肯定的态度,借鉴资本主义社会中反映人类文明进步的改良措施,借鉴并发展资本主义的经济制度,C,
在垄断资本主义阶段占统治地位的资本是（     ）,工业资本,农业资本,银行资本,金融资本,D,
垄断利润是（     ）,资本家获得的超额利润,垄断组织获得的平均利润,垄断组织获得的一般利润,垄断组织获得的超过平均利润的高额利润,D,
国家垄断资本主义的根本特征是（     ）,国有企业的存在,国私共有的垄断资本,私人垄断资本的主导地位,国家对经济的干预和调节,D,
当代资本主义国际垄断组织的主要形式是（     ）,国际卡特尔,混合联合企业级,跨国公司,国际康采恩,C,
自由竞争资本主义向垄断资本主义过渡的根源在于（     ）,资本主义的基本矛盾,资本有机构成不断提高,资本积累的一般规律.,竞争的结果,A,
资本主义发展到垄断阶段后，垄断和竞争的关系是（     ）,垄断缓和了竞争,垄断消灭了竞争,垄断凌驾于竞争之上，与之并存,竞争凌驾于垄断之上,C,
为了获得高额垄断利润，垄断组织在采购原材料时多采取（     ）,垄断高价,垄断低价,自由价格,市场价格,B,
资本主义国家宏观经济管理与调节的总任务是（     ）,促进市场总供给与总需求的平衡,维持高就业率,保证财政的收入大于支出,对国民收入进行再分配,A,
“二战”后发达资本主义国家中的资本占有的社会性（     ）,没有变化,减弱了,提高了，但没有改变资本在社会经济关系中的支配地位,提高了，并改变了资本在社会经济关系中的支配地位,C,
经济全球化带给发达国家的好处很多，但不包括（     ）,从世界各地获取大量的利润,降低其生产成本,扩大了贸易逆差,加强对国际金融市场的控制,C,
列宁称之为“社会主义的最充分的物质准备”、“社会主义的前阶”的是（     ）,自由竞争资本主义,私人垄断资本主义,国家垄断资本主义,国际垄断资本主义,C,
从性质上看，发达资本主义国家对发展中国家的“经济援助”是（     ）,帮助发展中国家克服经济困难的一种方式,新殖民主义的一种方式,扼杀发展中国家经济发展的手段,促进发展中国家经济独立的工具,B,
在经济全球化过程中，国际分工（     ）,主要是不同生产部门之间的分工,水平分工代替了垂直分工，成为居于主导地位的分工形式,以自然资源为基础,垂直分工代替了水平分工，成为居于主导地位的分工形式,B,
垄断资本主义发展的历史趋势是（     ）,市场经济取代计划经济,社会主义公有制取代资本主义私有制,社会主义在全世界同时实现,缓和与消除资本主义基本矛盾,B,
各国的垄断组织从经济上瓜分世界意味着（     ）,金融资本的形成和金融寡头的统治,资本输出,国家垄断资本主义的产生,国家垄断联盟的形成,D,
“个人联合”是金融寡头实现其在（     ）,政治上统治的主要方式,经济上统治的主要方式,生产中统治的主要方式,流通中统治的主要方式,A,
经济全球化带给发展中国家的消极影响有许多，但不包括（     ）,经济发展受到一定程度的损失,在国际贸易关系中剩余价值大量流失,金融风险加大,经济发展机会大大减少,D,
垄断资本主义国家的“经济计划化”（     ）,可以从根本上解决资本主义基本矛盾,使生产的无政府状态得到一定的缓解,导致资本主义向社会主义和平过渡,可以消除资本主义经济危机,B,
,,,,,,
,,,,,,
,,,,,,
,,,,,,
,,,,,,
,,,,,,
,,,,,,
,,,,,,
,,,,,,
,,,,,,
,,,,,,
,,,,,,
,,,,,,
,,,,,,
,,,,,,
,,,,,,
,,,,,,
,,,,,,
,,,,,,
,,,,,,
,,,,,,
,,,,,,
,,,,,,
,,,,,,
,,,,,,
,,,,,,
,,,,,,
,,,,,,
,,,,,,
,,,,,,
,,,,,,
,,,,,,
,,,,,,
,,,,,,
,,,,,,
,,,,,,
,,,,,,
,,,,,,
,,,,,,
,,,,,,
,,,,,,
,,,,,,
,,,,,,
,,,,,,
,,,,,,
,,,,,,
,,,,,,
,,,,,,
,,,,,,
,,,,,,
,,,,,,
,,,,,,
,,,,,,
,,,,,,
,,,,,,
,,,,,,
,,,,,,
,,,,,,
,,,,,,
,,,,,,
,,,,,,
,,,,,,
,,,,,,
,,,,,,
,,,,,,
,,,,,,
,,,,,,
,,,,,,
,,,,,,
,,,,,,
,,,,,,
,,,,,,
,,,,,,
,,,,,,
,,,,,,
,,,,,,
,,,,,,
,,,,,,
,,,,,,
,,,,,,
,,,,,,
,,,,,,
,,,,,,
,,,,,,
,,,,,,
,,,,,,
,,,,,,
,,,,,,
,,,,,,
,,,,,,
,,,,,,
,,,,,,
,,,,,,
,,,,,,
,,,,,,
,,,,,,
,,,,,,
,,,,,,
,,,,,,
,,,,,,
,,,,,,
,,,,,,
,,,,,,
,,,,,,
社会主义的充分发展和共产主义的实现将是（       ）。,可以很快达到的目标,中国人民自己的事情,一个漫长的历史过程,难以企及的“乌托邦”,C,
共产主义理想作为一种（       ），是在对人类社会发展规律认识的基础上设想的社会发展目标。,个人理想,社会理想,群众理想,民族理想,B,
中国特色社会主义道路之所以完全正确并能够引领中国发展进步，关键在于（       ）。,无产阶级革命是要消灭私有制、建立公有制的社会革命,无产阶级革命是最终要彻底消灭一切阶级剥削和阶级统治的革命,坚持了马克思恩格斯对社会主义的定义,中国共产党人根据我国实际和时代特征赋予其鲜明的中国特色,D,
在共产主义社会，个人消费品的分配方式是（    ）。,“各尽所能，按劳分配”,“各尽所能，按需分配”,“各尽所能，按资分配”,“各尽所能，按时分配”,B,
社会主义经过长期的发展，在高度发达的基础上，最终将走向（    ）。,社会主义高级时期,共产主义社会,社会主义中级阶段,社会主义社会,B,
（    ）是我们党带领广大人民历经千辛万苦找到的实现中国梦的正确道路，也是广大青年应该牢固确立的人生信念。,科学发展观,和谐社会,民主法治社会,中国特色社会主义,D,
（    ），是马克思主义追求的根本价值目标，也是共产主义社会的根本特征。,实现人的自由而全面的发展,实现人类永恒不变的普适价值,四海之内皆兄弟的大同世界,自由、平等、博爱的理性王国,A,
共产主义是人类解放的实现，那时人类将最终从支配他们生活和命运的异己力量中解放出来，实现从必然王国向（       ）的飞跃，开始自觉地创造自己的历史。,无政府主义,自由王国,空想社会主义,自主王国,B,
（    ）是我们在当代世界为共产主义事业作出的重要贡献。,坚持集中民主制,坚持社会主义制度,坚持市场经济,坚持民主共和制,B,
争取（       ）的最终实现，不仅是无产阶级彻底解放的标志，也是全人类得到解放的根本要求和体现。,马克思主义制度,资本主义社会制度,科学主义社会制度,共产主义社会制度,D,
在人的发展和社会发展的关系问题上，马克思主义认为（    ）。,前者是个人的理想，后者是社会的目标,前者体现了个人价值，后者体现了社会价值,前者和后者是彼此独立的历史发展过程,前者和后者互为前提和基础,D,
马克思主义与空想社会主义的根本区别体现在是否（    ）。,坚持科学的立场、观点和方法,坚持为广大民众谋福利的思想,坚持对资本主义的批判性立场,坚持为推翻资本主义制度的目的,A,
高尚的精神境界表现为（    ）。,主观为自己，客观为他人,我行我素，无视他人的利益和需要,自觉地为他人、为社会服务和奉献,立足工作岗位，做好本职工作,C,
社会主义社会和共产主义社会都存在的经济关系是（    ）。,生产资料的社会公有制,按劳分配,按需分配,市场经济体制,A,
共产主义社会将按照自然资源的情况和社会成员的需要，（    ）。,遵循价值规律组织和安排生产,对生产进行有计划的组织和管理,对商品生产进行协同性的安排,依据市场需求安排和组织生产活动,B,
共产主义社会将彻底废除私有制，实行普遍的（    ）。,生产资料公有制,生产资料混合所有制,商品经济制度,市场经济体制,A,
（    ）是共产主义社会实现的根本条件和基础。,生产资料完全公有化,高度文明与和谐的社会,社会生产力高度发展，产品极大丰富,人们的精神境界普遍提高,C,
在共产主义社会，劳动成为（    ）。,单纯的谋生的手段,“生活的第一需要”,固定僵化的分工中的劳动,具有强迫性的活动,B,
社会阶级的消灭是以（    ）为前提的。,生产资料公有化,社会化大生产,民主政治发达,生产高度发展,D,
一种新的社会制度具有巨大优越性的集中表现，在于（    ）。,新社会制度能够得到人民群众的支持,新社会制度能够鼓舞人们的信心和斗志,新社会制度能够创造出比以往社会更高的劳动生产率,新社会制度能够更好地调节生产关系,C,
